sequence_id	sequence	rev_comp	productive	v_call	d_call	j_call	sequence_alignment	germline_alignment	junction	junction_aa	v_cigar	d_cigar	j_cigar	cdr3_aa	duplicate_count	vj_in_frame	stop_codon	region_types	frame_types	v_genes	j_genes
1			T											CASTDPVYPGVIYEQYF	1	T	F	IMGT_CDR3	IN		
2			T											CSARERILAGGGRREQFF	1	T	F	IMGT_CDR3	IN		
3			T											CASSPDEDTNQPQHF	1	T	F	IMGT_CDR3	IN		
4			T											CASSLPSTPGQGQNGYEQYF	1	T	F	IMGT_CDR3	IN		
5			T											CASSYEAGPTDTQYF	1	T	F	IMGT_CDR3	IN		
6			T											CASSGQGSYLQGDTEAFF	1	T	F	IMGT_CDR3	IN		
7			T											CASSFSLHREIQPVYNEQFF	1	T	F	IMGT_CDR3	IN		
8			T											CASSLVFRDPGELFF	1	T	F	IMGT_CDR3	IN		
9			T											CATSDGRGARKTQYF	1	T	F	IMGT_CDR3	IN		
10			T											CASSGCPGGRRVF	1	T	F	IMGT_CDR3	IN		
11			T											CASSGGTNGNTEAFF	1	T	F	IMGT_CDR3	IN		
12			T											CASSEEDRRGYEQYF	1	T	F	IMGT_CDR3	IN		
13			T											CASSIGMPYEQYF	1	T	F	IMGT_CDR3	IN		
14			T											CASSGGPQGYEQYF	1	T	F	IMGT_CDR3	IN		
15			T											CASRRRDSSYEQYF	1	T	F	IMGT_CDR3	IN		
16			T											CASSSLGGTYNEQFF	1	T	F	IMGT_CDR3	IN		
17			T											CASSLEARDNTIYF	1	T	F	IMGT_CDR3	IN		
18			T											CSARALFNQGRYEQYF	1	T	F	IMGT_CDR3	IN		
19			T											CASSIPPQGPNTEAFF	1	T	F	IMGT_CDR3	IN		
20			T											CASSMPECTGGPTETGELFF	1	T	F	IMGT_CDR3	IN		
21			T											CASSFRTGMHQPQHF	1	T	F	IMGT_CDR3	IN		
22			T											CASSRNSYGYTF	1	T	F	IMGT_CDR3	IN		
23			T											CAIQFSPRDRGPNESEAFF	1	T	F	IMGT_CDR3	IN		
24			T											CASSPLRYNEQFF	1	T	F	IMGT_CDR3	IN		
25			T											CARRTLSYEQYF	1	T	F	IMGT_CDR3	IN		
26			T											CASSRQGAVDTGELFF	1	T	F	IMGT_CDR3	IN		
27			T											CASSGRGLDTGANVLTF	1	T	F	IMGT_CDR3	IN		
28			T											CASRLTGTHEKLFF	1	T	F	IMGT_CDR3	IN		
29			T											CASRRHALGREQYF	1	T	F	IMGT_CDR3	IN		
30			T											CATSCSGPGDGNTIYF	1	T	F	IMGT_CDR3	IN		
31			T											CASTPARGHYGYTF	1	T	F	IMGT_CDR3	IN		
32			T											CASRIWGQPQHF	1	T	F	IMGT_CDR3	IN		
33			T											CASSVYAPVGNSGNTIYF	1	T	F	IMGT_CDR3	IN		
34			T											CASRDGNSNQPQHF	1	T	F	IMGT_CDR3	IN		
35			T											CASRSRDRGRISYEQYF	1	T	F	IMGT_CDR3	IN		
36			T											CASQASSTDTQYF	1	T	F	IMGT_CDR3	IN		
37			T											CASRTQQPTDTQYF	1	T	F	IMGT_CDR3	IN		
38			T											CASSRRGLAYEQYF	1	T	F	IMGT_CDR3	IN		
39			T											CANPPGQGGLSNQPQHF	1	T	F	IMGT_CDR3	IN		
40			T											CGLRDRGNQPQHF	1	T	F	IMGT_CDR3	IN		
41			T											CSATQYNQPQHF	1	T	F	IMGT_CDR3	IN		
42			T											CATSDCQGLENQPQHF	1	T	F	IMGT_CDR3	IN		
43			T											CASSDLRNDAGAGETQYF	1	T	F	IMGT_CDR3	IN		
44			T											CASSPSVYRGEAFF	1	T	F	IMGT_CDR3	IN		
45			T											CASSPIVDNEQFF	1	T	F	IMGT_CDR3	IN		
46			T											CASSQGQSVNYGKAYEQYF	1	T	F	IMGT_CDR3	IN		
47			T											CATIHNVDKGLEEAFF	1	T	F	IMGT_CDR3	IN		
48			T											CGPFPEKLFF	1	T	F	IMGT_CDR3	IN		
49			T											CASSLTRNTEAFF	1	T	F	IMGT_CDR3	IN		
50			T											CASSRSKKGAGTYEQYF	1	T	F	IMGT_CDR3	IN		
51			T											CAISHVRASGEAFF	1	T	F	IMGT_CDR3	IN		
52			T											CASSVYGADNEQFF	1	T	F	IMGT_CDR3	IN		
53			T											CASSQGGSSGSGNTIYF	1	T	F	IMGT_CDR3	IN		
54			T											CASWMGRTGPNYGYTF	1	T	F	IMGT_CDR3	IN		
55			T											CASSWGQLGTGELFF	1	T	F	IMGT_CDR3	IN		
56			T											CASSLAFYIRNTEAFF	1	T	F	IMGT_CDR3	IN		
57			T											CASSGRTDTQYF	1	T	F	IMGT_CDR3	IN		
58			T											CASRSTAEVLNTEAFF	1	T	F	IMGT_CDR3	IN		
59			T											CSASGDSYNEQFF	1	T	F	IMGT_CDR3	IN		
60			T											CASSDWAWGAGYYNEQFF	1	T	F	IMGT_CDR3	IN		
61			T											CSARDCQERNCYEQYF	1	T	F	IMGT_CDR3	IN		
62			T											CASSDPSGTGYTF	1	T	F	IMGT_CDR3	IN		
63			T											CASTGQSQPQHF	1	T	F	IMGT_CDR3	IN		
64			T											CASSREGDGYTF	1	T	F	IMGT_CDR3	IN		
65			T											CASSVLRDSGRASSSYEQYF	1	T	F	IMGT_CDR3	IN		
66			T											CASSHREARSNTGELFF	1	T	F	IMGT_CDR3	IN		
67			T											CASSVRYPWTGNEQYF	1	T	F	IMGT_CDR3	IN		
68			T											CATDSHIQYF	1	T	F	IMGT_CDR3	IN		
69			T											CSARCRNAYEQYF	1	T	F	IMGT_CDR3	IN		
70			T											CASSYQANYGYTF	1	T	F	IMGT_CDR3	IN		
71			T											CSASSGTGYYGYTF	1	T	F	IMGT_CDR3	IN		
72			T											CASSFRLAGTSGEAYNEQFF	1	T	F	IMGT_CDR3	IN		
73			T											CASSPADPRLLSSYNSPLHF	1	T	F	IMGT_CDR3	IN		
74			T											CASSWTSDGELFF	1	T	F	IMGT_CDR3	IN		
75			T											CASSKGTGGCLERQYF	1	T	F	IMGT_CDR3	IN		
76			T											CASRAKSLRNQPQHF	1	T	F	IMGT_CDR3	IN		
77			T											CASSQMTPDTQYF	1	T	F	IMGT_CDR3	IN		
78			T											CASSPGFGRGGYNEQFF	1	T	F	IMGT_CDR3	IN		
79			T											CASSSACNEQFF	1	T	F	IMGT_CDR3	IN		
80			T											CATSRFVKQVLYGYTF	1	T	F	IMGT_CDR3	IN		
81			T											CASSGGESAYEQYF	1	T	F	IMGT_CDR3	IN		
82			T											CAPDSTQYF	1	T	F	IMGT_CDR3	IN		
83			T											CASSPPFKGLWGHKNYGYTF	1	T	F	IMGT_CDR3	IN		
84			T											CASSPYWIGSGSGETQYF	1	T	F	IMGT_CDR3	IN		
85			T											CASSLGWAPTQYF	1	T	F	IMGT_CDR3	IN		
86			T											CASSNGYGYTF	1	T	F	IMGT_CDR3	IN		
87			T											CASSAGDEQYF	1	T	F	IMGT_CDR3	IN		
88			T											CASSEKTTTGELFF	1	T	F	IMGT_CDR3	IN		
89			T											CASSFISSGRGETYEQYF	1	T	F	IMGT_CDR3	IN		
90			T											CASSNTSSTGGPIFDEQYF	1	T	F	IMGT_CDR3	IN		
91			T											CASTGGQRNTDTQYF	1	T	F	IMGT_CDR3	IN		
92			T											CASSACPRIGRLGGGHSNQPQHF	1	T	F	IMGT_CDR3	IN		
93			T											CASSPSGSKGSRPSTEAFF	1	T	F	IMGT_CDR3	IN		
94			T											CASSRGTGGTEAFF	1	T	F	IMGT_CDR3	IN		
95			T											CASGLTQGFEQYF	1	T	F	IMGT_CDR3	IN		
96			T											CASYSGTGRYSNQPQHF	1	T	F	IMGT_CDR3	IN		
97			T											CASSLYSAGDQPQHF	1	T	F	IMGT_CDR3	IN		
98			T											CASSRQARSYNEQFF	1	T	F	IMGT_CDR3	IN		
99			T											CSVACWNHQPQHF	1	T	F	IMGT_CDR3	IN		
100			T											CASAGDCRRVGAFF	1	T	F	IMGT_CDR3	IN		
101			T											CASIAGPDYNEQFF	1	T	F	IMGT_CDR3	IN		
102			T											CASSGNVRELNTEAFF	1	T	F	IMGT_CDR3	IN		
103			T											CSARDRSRWNYGYTF	1	T	F	IMGT_CDR3	IN		
104			T											CASSQTGEKLFF	1	T	F	IMGT_CDR3	IN		
105			T											CASSLVSGTEGYEQYF	1	T	F	IMGT_CDR3	IN		
106			T											CASSQGCHLGSRQPQHF	1	T	F	IMGT_CDR3	IN		
107			T											CSARQALFYGYTF	1	T	F	IMGT_CDR3	IN		
108			T											CATSDDPGTENTEAFF	1	T	F	IMGT_CDR3	IN		
109			T											CASSQDPRDTYTEAFF	1	T	F	IMGT_CDR3	IN		
110			T											CASSSNRKGNQPQHF	1	T	F	IMGT_CDR3	IN		
111			T											CATSGANLRDPDEQYF	1	T	F	IMGT_CDR3	IN		
112			T											CASSEYEDYTGELFF	1	T	F	IMGT_CDR3	IN		
113			T											CATSDGGGLSSYGYTF	1	T	F	IMGT_CDR3	IN		
114			T											CASSLGQGAPHSNQPQHF	1	T	F	IMGT_CDR3	IN		
115			T											CSARYQIEPYNEQFF	1	T	F	IMGT_CDR3	IN		
116			T											CASSVDLVRNAVPIDYEQYF	1	T	F	IMGT_CDR3	IN		
117			T											CASSLSIKGSNQPQHF	1	T	F	IMGT_CDR3	IN		
118			T											CSARDPFRQAYEQYF	1	T	F	IMGT_CDR3	IN		
119			T											CASPRTGGYGYTF	1	T	F	IMGT_CDR3	IN		
120			T											CASSQRSRLAGDGEETQYF	1	T	F	IMGT_CDR3	IN		
121			T											CASSHTGQGLALDSNQPQHF	1	T	F	IMGT_CDR3	IN		
122			T											CAKSYPTLTGGRRPSYEQYF	1	T	F	IMGT_CDR3	IN		
123			T											CASSRRTSAGYYEQYF	1	T	F	IMGT_CDR3	IN		
124			T											CASRSWVGYTF	1	T	F	IMGT_CDR3	IN		
125			T											CASSVRDRCTDTQYF	1	T	F	IMGT_CDR3	IN		
126			T											CASSSRSLPRAYSNQPQHF	1	T	F	IMGT_CDR3	IN		
127			T											CAIRVNLGPRGNTEAFF	1	T	F	IMGT_CDR3	IN		
128			T											CASKGQSNEKLFF	1	T	F	IMGT_CDR3	IN		
129			T											CASSITHIRTDGYTF	1	T	F	IMGT_CDR3	IN		
130			T											CASSYQRDRGGYTF	1	T	F	IMGT_CDR3	IN		
131			T											CASSTGIPLPAYEQYF	1	T	F	IMGT_CDR3	IN		
132			T											CASSLAGEPGLAGGATDTQYF	1	T	F	IMGT_CDR3	IN		
133			T											CASSREGNNEQFF	1	T	F	IMGT_CDR3	IN		
134			T											CASSKGNHSNTEAFF	1	T	F	IMGT_CDR3	IN		
135			T											CASSVGLAGGGLNTGELFF	1	T	F	IMGT_CDR3	IN		
136			T											CASRTRSVNSPLHF	1	T	F	IMGT_CDR3	IN		
137			T											CASSPNTTGNTIYF	1	T	F	IMGT_CDR3	IN		
138			T											CASSSDEAFF	1	T	F	IMGT_CDR3	IN		
139			T											CASSLSTQGYEQYF	1	T	F	IMGT_CDR3	IN		
140			T											CASSQIQGESSYEQYF	1	T	F	IMGT_CDR3	IN		
141			T											CASSSGTSLDTQYF	1	T	F	IMGT_CDR3	IN		
142			T											CASSLCNQPQHF	1	T	F	IMGT_CDR3	IN		
143			T											CASSYAGGDRVGRSYEQYF	1	T	F	IMGT_CDR3	IN		
144			T											CASSPTLTRAYGYTF	1	T	F	IMGT_CDR3	IN		
145			T											CASSIMGGARTYNEQFF	1	T	F	IMGT_CDR3	IN		
146			T											CASSSGPETQYF	1	T	F	IMGT_CDR3	IN		
147			T											CASSYPRDTRTF	1	T	F	IMGT_CDR3	IN		
148			T											CATSDPGGHEQFF	1	T	F	IMGT_CDR3	IN		
149			T											CASSLTLNRIRTDTQYF	1	T	F	IMGT_CDR3	IN		
150			T											CASSLGGNWTFRYEQYF	1	T	F	IMGT_CDR3	IN		
151			T											CASTPLTSGSGGGGTDTQYF	1	T	F	IMGT_CDR3	IN		
152			T											CSARDSSRGPGRWETPRVDYGYTF	1	T	F	IMGT_CDR3	IN		
153			T											CATSYRVVRVNIQYF	1	T	F	IMGT_CDR3	IN		
154			T											CATSDRGPADTQYF	1	T	F	IMGT_CDR3	IN		
155			T											CASSQVRLAGRYNEQFF	1	T	F	IMGT_CDR3	IN		
156			T											CASRRPYRANQPQHF	1	T	F	IMGT_CDR3	IN		
157			T											CASSKPHGYTF	1	T	F	IMGT_CDR3	IN		
158			T											CASSGGETQYF	1	T	F	IMGT_CDR3	IN		
159			T											CASSQEPGLWWVIYNEQFF	1	T	F	IMGT_CDR3	IN		
160			T											CSAKRTGNEQFF	1	T	F	IMGT_CDR3	IN		
161			T											CASSLGSSFKHEQYF	1	T	F	IMGT_CDR3	IN		
162			T											CSAYVKGQPQHF	1	T	F	IMGT_CDR3	IN		
163			T											CASSSYDTGELFF	1	T	F	IMGT_CDR3	IN		
164			T											CASSSDSGANVLTF	1	T	F	IMGT_CDR3	IN		
165			T											CASLESRGRMYEQYF	1	T	F	IMGT_CDR3	IN		
166			T											CASDRQGAYGYTF	1	T	F	IMGT_CDR3	IN		
167			T											CSASIPGGRSGANVLTF	1	T	F	IMGT_CDR3	IN		
168			T											CARQGKNTIYF	1	T	F	IMGT_CDR3	IN		
169			T											CSISGQGVSYEQYF	1	T	F	IMGT_CDR3	IN		
170			T											CSAIGDRDSYEQYF	1	T	F	IMGT_CDR3	IN		
171			T											CGKAGEIANYEQYF	1	T	F	IMGT_CDR3	IN		
172			T											CTQVRNQPQHF	1	T	F	IMGT_CDR3	IN		
173			T											CASSLVPQGFYGYTF	1	T	F	IMGT_CDR3	IN		
174			T											CASRGRGVYEQYF	1	T	F	IMGT_CDR3	IN		
175			T											CASSYALSWALHF	1	T	F	IMGT_CDR3	IN		
176			T											CASSSGELPSYEQYF	1	T	F	IMGT_CDR3	IN		
177			T											CASSSTLTYTIYF	1	T	F	IMGT_CDR3	IN		
178			T											CASRTRNQPQHF	1	T	F	IMGT_CDR3	IN		
179			T											CATSEGGGQIYEQYF	1	T	F	IMGT_CDR3	IN		
180			T											CASSYSYSGSDTQYF	1	T	F	IMGT_CDR3	IN		
181			T											CASSLAGRTGANSNQPQHF	1	T	F	IMGT_CDR3	IN		
182			T											CARRGGPETQYF	1	T	F	IMGT_CDR3	IN		
183			T											CASRILGWRTDTQYF	1	T	F	IMGT_CDR3	IN		
184			T											CAWSVLRGRNQPQHF	1	T	F	IMGT_CDR3	IN		
185			T											CASILKERENTEAFF	1	T	F	IMGT_CDR3	IN		
186			T											CASSPQGTGHPGELFF	1	T	F	IMGT_CDR3	IN		
187			T											CASSPPGQTGRIAQHF	1	T	F	IMGT_CDR3	IN		
188			T											CACGTEGYF	1	T	F	IMGT_CDR3	IN		
189			T											CASSVVRDRGFEETQYF	1	T	F	IMGT_CDR3	IN		
190			T											CASGRQDETQYF	1	T	F	IMGT_CDR3	IN		
191			T											CASSYPRGQGCPGTVATNEKLFF	1	T	F	IMGT_CDR3	IN		
192			T											CASSYKRQGGAGANVLTF	1	T	F	IMGT_CDR3	IN		
193			T											CASSDSEARQVAGHHEQFF	1	T	F	IMGT_CDR3	IN		
194			T											CASGLARQGQEKLFF	1	T	F	IMGT_CDR3	IN		
195			T											CASSVNVQGLYGYTF	1	T	F	IMGT_CDR3	IN		
196			T											CATSDGKGAVRSYNEQFF	1	T	F	IMGT_CDR3	IN		
197			T											CASSSGPEWGPGVTEAFF	1	T	F	IMGT_CDR3	IN		
198			T											CASSIRFKGETQYF	1	T	F	IMGT_CDR3	IN		
199			T											CASSGLEEGTGMEQYF	1	T	F	IMGT_CDR3	IN		
200			T											CASSPPGKTQYF	1	T	F	IMGT_CDR3	IN		
201			T											CASSFGTGNGRETQYF	1	T	F	IMGT_CDR3	IN		
202			T											CASSFLRGQETQYF	1	T	F	IMGT_CDR3	IN		
203			T											CAKKQGAIWLNTEAFF	1	T	F	IMGT_CDR3	IN		
204			T											CASSELTGGTGYTF	1	T	F	IMGT_CDR3	IN		
205			T											CASSVARDRGRNGYTF	1	T	F	IMGT_CDR3	IN		
206			T											CASRDGSYNEQFF	1	T	F	IMGT_CDR3	IN		
207			T											CASSYQGACGLAKNIQYF	1	T	F	IMGT_CDR3	IN		
208			T											CSARVFPSPLSNWREQFF	1	T	F	IMGT_CDR3	IN		
209			T											CASSLTEPRGPVDTQYF	1	T	F	IMGT_CDR3	IN		
210			T											CAINPNGPYEQYF	1	T	F	IMGT_CDR3	IN		
211			T											CASSYPRDGYTF	1	T	F	IMGT_CDR3	IN		
212			T											CATSDLPTGRGTQPQHF	1	T	F	IMGT_CDR3	IN		
213			T											CASSGARGYTGELFF	1	T	F	IMGT_CDR3	IN		
214			T											CASSFAFRDRGLGRQVTYNSPLHF	1	T	F	IMGT_CDR3	IN		
215			T											CATSEFPGEQYF	1	T	F	IMGT_CDR3	IN		
216			T											CASSRSSQGGTEAFF	1	T	F	IMGT_CDR3	IN		
217			T											CSAREDIWGNTEAFF	1	T	F	IMGT_CDR3	IN		
218			T											CASSLDYEQYF	1	T	F	IMGT_CDR3	IN		
219			T											CASSLKGSGMNTEAFF	1	T	F	IMGT_CDR3	IN		
220			T											CASSILPKNIQYF	1	T	F	IMGT_CDR3	IN		
221			T											CASSIARGADTQYF	1	T	F	IMGT_CDR3	IN		
222			T											CASSGRREVNEQYF	1	T	F	IMGT_CDR3	IN		
223			T											CASSAKIGSGPSYNSPLHF	1	T	F	IMGT_CDR3	IN		
224			T											CSARVQLGTYNEKLFF	1	T	F	IMGT_CDR3	IN		
225			T											CASSSFPDGQGYGYTF	1	T	F	IMGT_CDR3	IN		
226			T											CASSALVAAYEQYF	1	T	F	IMGT_CDR3	IN		
227			T											CASSGSKWRGGTDTQYF	1	T	F	IMGT_CDR3	IN		
228			T											CASSIHTTAGANVLTF	1	T	F	IMGT_CDR3	IN		
229			T											CASSITLPGRYEQYF	1	T	F	IMGT_CDR3	IN		
230			T											CASRTGPTWNEQFF	1	T	F	IMGT_CDR3	IN		
231			T											CASSTRTSGNEQFF	1	T	F	IMGT_CDR3	IN		
232			T											CASSVAGRDFGANVLTF	1	T	F	IMGT_CDR3	IN		
233			T											CSACDTGAGLSYEQYF	1	T	F	IMGT_CDR3	IN		
234			T											CATSDLHRAYPDTQYF	1	T	F	IMGT_CDR3	IN		
235			T											CASNCGDRGSNQPQHF	1	T	F	IMGT_CDR3	IN		
236			T											CSASTAPSHRGGNEQFF	1	T	F	IMGT_CDR3	IN		
237			T											CASTPTGTGAIYGYTF	1	T	F	IMGT_CDR3	IN		
238			T											CSARDTDGYYNEQFF	1	T	F	IMGT_CDR3	IN		
239			T											CASGRTSGRADEQYF	1	T	F	IMGT_CDR3	IN		
240			T											CASSPDRVGINEKLFF	1	T	F	IMGT_CDR3	IN		
241			T											CASSPSPTKKEQYF	1	T	F	IMGT_CDR3	IN		
242			T											CATSFVDASTDTQYF	1	T	F	IMGT_CDR3	IN		
243			T											CATSDGGTSGPPGTDTQYF	1	T	F	IMGT_CDR3	IN		
244			T											CASSELRFSGEEVEQPQHF	1	T	F	IMGT_CDR3	IN		
245			T											CASSFATDTQYF	1	T	F	IMGT_CDR3	IN		
246			T											CASSPGQGGYTF	1	T	F	IMGT_CDR3	IN		
247			T											CASGRYNEQFF	1	T	F	IMGT_CDR3	IN		
248			T											CAIGATGDYEQYF	1	T	F	IMGT_CDR3	IN		
249			T											CAWRLLDRASPQHF	1	T	F	IMGT_CDR3	IN		
250			T											CASSPHGQAEQYF	1	T	F	IMGT_CDR3	IN		
251			T											CASSWTGALSYEQYF	1	T	F	IMGT_CDR3	IN		
252			T											CAKPGGAYEQYF	1	T	F	IMGT_CDR3	IN		
253			T											CASSESGEGRACETQYF	1	T	F	IMGT_CDR3	IN		
254			T											CSARDRIQGRAGANVLTF	1	T	F	IMGT_CDR3	IN		
255			T											CASSAGTRGKETQYF	1	T	F	IMGT_CDR3	IN		
256			T											CASSGRFRTEAFF	1	T	F	IMGT_CDR3	IN		
257			T											CASSLGVGGPDTQYF	1	T	F	IMGT_CDR3	IN		
258			T											CASSSDATSTDTQYF	1	T	F	IMGT_CDR3	IN		
259			T											CARLRGSYEQYF	1	T	F	IMGT_CDR3	IN		
260			T											CASRGTSGGYNEQFF	1	T	F	IMGT_CDR3	IN		
261			T											CASSLADNRAPYEQYF	1	T	F	IMGT_CDR3	IN		
262			T											CASSESDRDKENIQYF	1	T	F	IMGT_CDR3	IN		
263			T											CASSLRGLAGYEQYF	1	T	F	IMGT_CDR3	IN		
264			T											CASSSMCVSGVKYGYTF	1	T	F	IMGT_CDR3	IN		
265			T											CASTPQGYSNQPQHF	1	T	F	IMGT_CDR3	IN		
266			T											CASSQDGLAGLYEQFF	1	T	F	IMGT_CDR3	IN		
267			T											CASSLIPLRRETQYF	1	T	F	IMGT_CDR3	IN		
268			T											CASRTGDYEQYF	1	T	F	IMGT_CDR3	IN		
269			T											CASSLVTCSSGGPPSKDEQFF	1	T	F	IMGT_CDR3	IN		
270			T											CASSSSPGQEGYTF	1	T	F	IMGT_CDR3	IN		
271			T											CASSPTGASNEKLFF	1	T	F	IMGT_CDR3	IN		
272			T											CASSQDPSGSYGYTF	1	T	F	IMGT_CDR3	IN		
273			T											CASSVFDSYSPLHF	1	T	F	IMGT_CDR3	IN		
274			T											CASRGEGYNSPLHF	1	T	F	IMGT_CDR3	IN		
275			T											CASKEQGDWSYNEQFF	1	T	F	IMGT_CDR3	IN		
276			T											CATSRDLPQTYSGPNSPLHF	1	T	F	IMGT_CDR3	IN		
277			T											CASSFWTGENTEAFF	1	T	F	IMGT_CDR3	IN		
278			T											CASSPRSPDTQYF	1	T	F	IMGT_CDR3	IN		
279			T											CASSLRELVYGYTF	1	T	F	IMGT_CDR3	IN		
280			T											CSVVLTAEAYEQYF	1	T	F	IMGT_CDR3	IN		
281			T											CASSSSQSGEQYF	1	T	F	IMGT_CDR3	IN		
282			T											CASSSRNPRERNEQFF	1	T	F	IMGT_CDR3	IN		
283			T											CASSIRGIEQYF	1	T	F	IMGT_CDR3	IN		
284			T											CASSEAGQGGTRGLICTYEQYF	1	T	F	IMGT_CDR3	IN		
285			T											CASSSRLAGRTGELFF	1	T	F	IMGT_CDR3	IN		
286			T											CASSVGGNRETQYF	1	T	F	IMGT_CDR3	IN		
287			T											CASRGAGGNGYTF	1	T	F	IMGT_CDR3	IN		
288			T											CSAPGGNQPQHF	1	T	F	IMGT_CDR3	IN		
289			T											CASPDAEGGADEQYF	1	T	F	IMGT_CDR3	IN		
290			T											CASSGRVGAPAFF	1	T	F	IMGT_CDR3	IN		
291			T											CASRTYGNTEAFF	1	T	F	IMGT_CDR3	IN		
292			T											CARQRSTNEKLFF	1	T	F	IMGT_CDR3	IN		
293			T											CSARDTWRGGTYEQYF	1	T	F	IMGT_CDR3	IN		
294			T											CASSANDTCITNEKLFF	1	T	F	IMGT_CDR3	IN		
295			T											CATRGTIAKNIQYF	1	T	F	IMGT_CDR3	IN		
296			T											CASSYAALAGGQIPSYNEQFF	1	T	F	IMGT_CDR3	IN		
297			T											CASSWEKPGQVSSYEQYF	1	T	F	IMGT_CDR3	IN		
298			T											CASSWRRREYF	1	T	F	IMGT_CDR3	IN		
299			T											CASSGRALGGPYNEQFF	1	T	F	IMGT_CDR3	IN		
300			T											CSARTGRTDTQYF	1	T	F	IMGT_CDR3	IN		
301			T											CSAWIDRVIHEQYF	1	T	F	IMGT_CDR3	IN		
302			T											CASRTGHLAPLHF	1	T	F	IMGT_CDR3	IN		
303			T											CASRSPQRSYEQYF	1	T	F	IMGT_CDR3	IN		
304			T											CANYHTGELFF	1	T	F	IMGT_CDR3	IN		
305			T											CASSYSLPRDRYEQYF	1	T	F	IMGT_CDR3	IN		
306			T											CASSQDWVCGQGVNSPLHF	1	T	F	IMGT_CDR3	IN		
307			T											CASSSPVGRQPQHF	1	T	F	IMGT_CDR3	IN		
308			T											CAWGTGTSYEQYF	1	T	F	IMGT_CDR3	IN		
309			T											CASSAVVTKVHSNQPQHF	1	T	F	IMGT_CDR3	IN		
310			T											CASSLTGGLDREKLFF	1	T	F	IMGT_CDR3	IN		
311			T											CASSLRLQGTTGTDTQYF	1	T	F	IMGT_CDR3	IN		
312			T											CASKLENGTGAYEQYF	1	T	F	IMGT_CDR3	IN		
313			T											CASSYIGPVETQYF	1	T	F	IMGT_CDR3	IN		
314			T											CASHPLLYEQYF	1	T	F	IMGT_CDR3	IN		
315			T											CSVDPGTSGEYSYEQYF	1	T	F	IMGT_CDR3	IN		
316			T											CASSLIWRRPWEEPPYEQYF	1	T	F	IMGT_CDR3	IN		
317			T											CASSPGGCSYEQYF	1	T	F	IMGT_CDR3	IN		
318			T											CASSHRVYTEAFF	1	T	F	IMGT_CDR3	IN		
319			T											CASIFIRAEAFF	1	T	F	IMGT_CDR3	IN		
320			T											CASSLRHVATGDEQYF	1	T	F	IMGT_CDR3	IN		
321			T											CASSSTGGGGGTEAFF	1	T	F	IMGT_CDR3	IN		
322			T											CAGHARGYLLRERTEQFF	1	T	F	IMGT_CDR3	IN		
323			T											CASTRGQYNEQFF	1	T	F	IMGT_CDR3	IN		
324			T											CASSPKDRHTEAFF	1	T	F	IMGT_CDR3	IN		
325			T											CASGLVHMSYEQYF	1	T	F	IMGT_CDR3	IN		
326			T											CASSQDGLGTDTQYF	1	T	F	IMGT_CDR3	IN		
327			T											CASRPTDRGPPGANVLTF	1	T	F	IMGT_CDR3	IN		
328			T											CSAWTGGENQPQHF	1	T	F	IMGT_CDR3	IN		
329			T											CSARANHSVGPEQFF	1	T	F	IMGT_CDR3	IN		
330			T											CSAEPPDDGYTF	1	T	F	IMGT_CDR3	IN		
331			T											CATGSGTSQSSYNEQFF	1	T	F	IMGT_CDR3	IN		
332			T											CASSECARYESYEQYF	1	T	F	IMGT_CDR3	IN		
333			T											CAISDIPGQGGGYTF	1	T	F	IMGT_CDR3	IN		
334			T											CSATSPTRGGLYEQYF	1	T	F	IMGT_CDR3	IN		
335			T											CASSLGIEQFF	1	T	F	IMGT_CDR3	IN		
336			T											CATSEIAERQPQHF	1	T	F	IMGT_CDR3	IN		
337			T											CASSAPYTGGSQPQHF	1	T	F	IMGT_CDR3	IN		
338			T											CATSDLRVDEQYF	1	T	F	IMGT_CDR3	IN		
339			T											CASSRRDTQYF	1	T	F	IMGT_CDR3	IN		
340			T											CASSQRDRPAENTIYF	1	T	F	IMGT_CDR3	IN		
341			T											CATRDRGDSNQPQHF	1	T	F	IMGT_CDR3	IN		
342			T											CASSLVHQPQHF	1	T	F	IMGT_CDR3	IN		
343			T											CQRHEQYF	1	T	F	IMGT_CDR3	IN		
344			T											CASSLAAGIYQPQHF	1	T	F	IMGT_CDR3	IN		
345			T											CASSSQDRGEGMGYTF	1	T	F	IMGT_CDR3	IN		
346			T											CASSESSTGSLNSETQYF	1	T	F	IMGT_CDR3	IN		
347			T											CASSEGRGNQLSSYNEQFF	1	T	F	IMGT_CDR3	IN		
348			T											CASRRPRLIKSKYNEQFF	1	T	F	IMGT_CDR3	IN		
349			T											CASSYRQGERFHEQYF	1	T	F	IMGT_CDR3	IN		
350			T											CSARGLPRNTDTQYF	1	T	F	IMGT_CDR3	IN		
351			T											CASSWTGILNYEQYF	1	T	F	IMGT_CDR3	IN		
352			T											CAISDRGQYEQYF	1	T	F	IMGT_CDR3	IN		
353			T											CSARCMQGNPTGHRNTEAFF	1	T	F	IMGT_CDR3	IN		
354			T											CASRNRAEYTEAFF	1	T	F	IMGT_CDR3	IN		
355			T											CASGETGSEAFF	1	T	F	IMGT_CDR3	IN		
356			T											CASRTGGNEKLFF	1	T	F	IMGT_CDR3	IN		
357			T											CASSLGGRSSTDTQYF	1	T	F	IMGT_CDR3	IN		
358			T											CASSHNVAGGETQYF	1	T	F	IMGT_CDR3	IN		
359			T											CASSLARGGQGEPYEQYF	1	T	F	IMGT_CDR3	IN		
360			T											CASSDRGVKEQYF	1	T	F	IMGT_CDR3	IN		
361			T											CASSEHRGQLNTEAFF	1	T	F	IMGT_CDR3	IN		
362			T											CASSIHTGGSCTEAFF	1	T	F	IMGT_CDR3	IN		
363			T											CAALRVLLVNQPQHF	1	T	F	IMGT_CDR3	IN		
364			T											CASSQDPMSYREPRYEQYF	1	T	F	IMGT_CDR3	IN		
365			T											CASSRRTSGLYEQYF	1	T	F	IMGT_CDR3	IN		
366			T											CASRGQGIATNEKLFF	1	T	F	IMGT_CDR3	IN		
367			T											CATSSGGQGAQREPGNTIYF	1	T	F	IMGT_CDR3	IN		
368			T											CASKGTQDEQYF	1	T	F	IMGT_CDR3	IN		
369			T											CSAKGGWPQHF	1	T	F	IMGT_CDR3	IN		
370			T											CASSGGGYQPQHF	1	T	F	IMGT_CDR3	IN		
371			T											CASSFRDRGSYEQYF	1	T	F	IMGT_CDR3	IN		
372			T											CSASGQTLRGYTF	1	T	F	IMGT_CDR3	IN		
373			T											CGGDCSYEQYF	1	T	F	IMGT_CDR3	IN		
374			T											CASREQRNVGNTIYF	1	T	F	IMGT_CDR3	IN		
375			T											CASSLAHVTGVYLYYEQYF	1	T	F	IMGT_CDR3	IN		
376			T											CASSWGQVSNQPQHF	1	T	F	IMGT_CDR3	IN		
377			T											CASTPREGQPQHF	1	T	F	IMGT_CDR3	IN		
378			T											CASSLTPADRGSDAGELFF	1	T	F	IMGT_CDR3	IN		
379			T											CASSQSCHRGREPSYNSPLHF	1	T	F	IMGT_CDR3	IN		
380			T											CASSNDGWSQPQHF	1	T	F	IMGT_CDR3	IN		
381			T											CASSVTTYEQYF	1	T	F	IMGT_CDR3	IN		
382			T											CASSGWDYNEQFF	1	T	F	IMGT_CDR3	IN		
383			T											CASSLQRGGRRAQETQYF	1	T	F	IMGT_CDR3	IN		
384			T											CASRGGKQEQFF	1	T	F	IMGT_CDR3	IN		
385			T											CASSGEGPNQPQHF	1	T	F	IMGT_CDR3	IN		
386			T											CACLGEDPGANVLTF	1	T	F	IMGT_CDR3	IN		
387			T											CASSSGGQRTEAFF	1	T	F	IMGT_CDR3	IN		
388			T											CASTTGGEYGEKLFF	1	T	F	IMGT_CDR3	IN		
389			T											CASSRICVAYNSPLHF	1	T	F	IMGT_CDR3	IN		
390			T											CADRGTEQYF	1	T	F	IMGT_CDR3	IN		
391			T											CASSPGGRISGNTIYF	1	T	F	IMGT_CDR3	IN		
392			T											CASSWTSGRSYEQYF	1	T	F	IMGT_CDR3	IN		
393			T											CASSGGRSGNTIYF	1	T	F	IMGT_CDR3	IN		
394			T											CASTLRSNYGYTF	1	T	F	IMGT_CDR3	IN		
395			T											CASSLGLSETQYF	1	T	F	IMGT_CDR3	IN		
396			T											CAWSVGDRLRNTGELFF	1	T	F	IMGT_CDR3	IN		
397			T											CSARAPPGLVPEQYF	1	T	F	IMGT_CDR3	IN		
398			T											CASREAIRGGGRDTQYF	1	T	F	IMGT_CDR3	IN		
399			T											CASSQDHQDSAGNTGELFF	1	T	F	IMGT_CDR3	IN		
400			T											CASSLGLAGVNQPQHF	1	T	F	IMGT_CDR3	IN		
401			T											CASNTRGRGQLHF	1	T	F	IMGT_CDR3	IN		
402			T											CASSERSFETQYF	1	T	F	IMGT_CDR3	IN		
403			T											CASSDSPTSRQETQYF	1	T	F	IMGT_CDR3	IN		
404			T											CASRGNRYEQYF	1	T	F	IMGT_CDR3	IN		
405			T											CASRQPLEANYGYTF	1	T	F	IMGT_CDR3	IN		
406			T											CSAEAYEQYF	1	T	F	IMGT_CDR3	IN		
407			T											CASSQRGPEPQHF	1	T	F	IMGT_CDR3	IN		
408			T											CSARTIVYSQFF	1	T	F	IMGT_CDR3	IN		
409			T											CAISVILAGGRGEAFF	1	T	F	IMGT_CDR3	IN		
410			T											CASSRRLAGGPQAYNEQFF	1	T	F	IMGT_CDR3	IN		
411			T											CASSQALKTGAKRANTEAFF	1	T	F	IMGT_CDR3	IN		
412			T											CASSGHSSYEQYF	1	T	F	IMGT_CDR3	IN		
413			T											CASSLGTSGSNYEQYF	1	T	F	IMGT_CDR3	IN		
414			T											CASSEEGQVDNEQFF	1	T	F	IMGT_CDR3	IN		
415			T											CATARGENQPQHF	1	T	F	IMGT_CDR3	IN		
416			T											CASSLRLAGSYNEQFF	1	T	F	IMGT_CDR3	IN		
417			T											CASSGAGTRGETQYF	1	T	F	IMGT_CDR3	IN		
418			T											CASSPSHLNQGQQTEKLFF	1	T	F	IMGT_CDR3	IN		
419			T											CSASGDGGYTF	1	T	F	IMGT_CDR3	IN		
420			T											CASSLPNYLEVLGDEQFF	1	T	F	IMGT_CDR3	IN		
421			T											CASSNRTGGTYEQYF	1	T	F	IMGT_CDR3	IN		
422			T											CASAEYNEQFF	1	T	F	IMGT_CDR3	IN		
423			T											CASSRRQGCNQPQHF	1	T	F	IMGT_CDR3	IN		
424			T											CASSQVRGGMNTEAFF	1	T	F	IMGT_CDR3	IN		
425			T											CSASGGTSGERPDEQFF	1	T	F	IMGT_CDR3	IN		
426			T											CASSPRRLITDTQYF	1	T	F	IMGT_CDR3	IN		
427			T											CSATIEQYF	1	T	F	IMGT_CDR3	IN		
428			T											CASRLAGGPLTF	1	T	F	IMGT_CDR3	IN		
429			T											CASRKGQTCNQPQHF	1	T	F	IMGT_CDR3	IN		
430			T											CASRETGGVSPLHF	1	T	F	IMGT_CDR3	IN		
431			T											CASSKSPGTFHPNEKLFF	1	T	F	IMGT_CDR3	IN		
432			T											CASGTGLADTQYF	1	T	F	IMGT_CDR3	IN		
433			T											CASPKGKTEAFF	1	T	F	IMGT_CDR3	IN		
434			T											CASSTRGGQPSGANVLTF	1	T	F	IMGT_CDR3	IN		
435			T											CASSLRQGPAHRKSYGYTF	1	T	F	IMGT_CDR3	IN		
436			T											CASSMGVQTGGDGYTF	1	T	F	IMGT_CDR3	IN		
437			T											CASSHLRGHSNQPQHF	1	T	F	IMGT_CDR3	IN		
438			T											CASSVAGVDNQPQHF	1	T	F	IMGT_CDR3	IN		
439			T											CASSLRPPGRSYNEQFF	1	T	F	IMGT_CDR3	IN		
440			T											CASSIAYDREGYTF	1	T	F	IMGT_CDR3	IN		
441			T											CASNFQRVTNEQFF	1	T	F	IMGT_CDR3	IN		
442			T											CASSSVRGVGTDTQYF	1	T	F	IMGT_CDR3	IN		
443			T											CSARGRDRGNNEQFF	1	T	F	IMGT_CDR3	IN		
444			T											CASSPVKPIRWETEQYF	1	T	F	IMGT_CDR3	IN		
445			T											CASSLAVAGSSYEQYF	1	T	F	IMGT_CDR3	IN		
446			T											CATSDEVGLAGSLRYNEQFF	1	T	F	IMGT_CDR3	IN		
447			T											CATDSHIQYF	1	T	F	IMGT_CDR3	IN		
448			T											CASNRPRALPYQPQHF	1	T	F	IMGT_CDR3	IN		
449			T											CASSPGGEKLFF	1	T	F	IMGT_CDR3	IN		
450			T											CASSVPSPEGNTIYF	1	T	F	IMGT_CDR3	IN		
451			T											CASSLSGWARENEQYF	1	T	F	IMGT_CDR3	IN		
452			T											CASEISYEQYF	1	T	F	IMGT_CDR3	IN		
453			T											CASSQCHTDRGPRETQYF	1	T	F	IMGT_CDR3	IN		
454			T											CASTTGRGGQPQHF	1	T	F	IMGT_CDR3	IN		
455			T											CATSICGTRAKNIQYF	1	T	F	IMGT_CDR3	IN		
456			T											CASSYPVTGGYTF	1	T	F	IMGT_CDR3	IN		
457			T											CATGPDPEAFF	1	T	F	IMGT_CDR3	IN		
458			T											CASVFETGNYEQYF	1	T	F	IMGT_CDR3	IN		
459			T											CAISGIPWNPGENTEAFF	1	T	F	IMGT_CDR3	IN		
460			T											CSARDLHWGLAKNIQYF	1	T	F	IMGT_CDR3	IN		
461			T											CSVKMGGRLTYEQFF	1	T	F	IMGT_CDR3	IN		
462			T											CASSFLPDRRSETQYF	1	T	F	IMGT_CDR3	IN		
463			T											CASSLSVTDTQYF	1	T	F	IMGT_CDR3	IN		
464			T											CASSPGGGAYEQYF	1	T	F	IMGT_CDR3	IN		
465			T											CASSFPPFPFLTGELFF	1	T	F	IMGT_CDR3	IN		
466			T											CSARDMGLAGGRTDTQYF	1	T	F	IMGT_CDR3	IN		
467			T											CASPRGVINNEQFF	1	T	F	IMGT_CDR3	IN		
468			T											CASSLDQGPANEKLFF	1	T	F	IMGT_CDR3	IN		
469			T											CSARNPQPGLDTGELFF	1	T	F	IMGT_CDR3	IN		
470			T											CASTRAGLFRQETQYF	1	T	F	IMGT_CDR3	IN		
471			T											CASSDAPVFSYEQYF	1	T	F	IMGT_CDR3	IN		
472			T											CASSKGRSRFNQPQHF	1	T	F	IMGT_CDR3	IN		
473			T											CASSSGSGTGDEGYTF	1	T	F	IMGT_CDR3	IN		
474			T											CATARRGTADSPLHF	1	T	F	IMGT_CDR3	IN		
475			T											CASSLESTGGAHNEQFF	1	T	F	IMGT_CDR3	IN		
476			T											CASSPEFGQGGTGELFF	1	T	F	IMGT_CDR3	IN		
477			T											CAWSGLRTGNTEAFF	1	T	F	IMGT_CDR3	IN		
478			T											CASSLTHYRVGGSDEQYF	1	T	F	IMGT_CDR3	IN		
479			T											CASSYDSPGQGGMNTEAFF	1	T	F	IMGT_CDR3	IN		
480			T											CASSWLITGFIFCYTF	1	T	F	IMGT_CDR3	IN		
481			T											CASSISTGGAEYSNQPQHF	1	T	F	IMGT_CDR3	IN		
482			T											CASSLGDREKLFF	1	T	F	IMGT_CDR3	IN		
483			T											CATCDSDRNLAKNIQYF	1	T	F	IMGT_CDR3	IN		
484			T											CASSLVHAGGGRSYNEQFF	1	T	F	IMGT_CDR3	IN		
485			T											CASRQGFHHTEAFF	1	T	F	IMGT_CDR3	IN		
486			T											CASSFIRVGGYGYTF	1	T	F	IMGT_CDR3	IN		
487			T											CASSGRRDGYTF	1	T	F	IMGT_CDR3	IN		
488			T											CASSLNPSPGTLDEQYF	1	T	F	IMGT_CDR3	IN		
489			T											CNARGRQFF	1	T	F	IMGT_CDR3	IN		
490			T											CASSHRRRPYQETQYF	1	T	F	IMGT_CDR3	IN		
491			T											CASSIGRGNEQFF	1	T	F	IMGT_CDR3	IN		
492			T											CASSYHNGRCYEQYF	1	T	F	IMGT_CDR3	IN		
493			T											CAWPRVPTTSSYNSPLHF	1	T	F	IMGT_CDR3	IN		
494			T											CASSYIRDRKISGNQPQHF	1	T	F	IMGT_CDR3	IN		
495			T											CASRGCQRDTQYF	1	T	F	IMGT_CDR3	IN		
496			T											CASSGDRAPPSYEQYF	1	T	F	IMGT_CDR3	IN		
497			T											CASSHRGTGVFSVYEQYF	1	T	F	IMGT_CDR3	IN		
498			T											CASSSQGGANEKLFF	1	T	F	IMGT_CDR3	IN		
499			T											CASSWGHLARYEQYF	1	T	F	IMGT_CDR3	IN		
500			T											CASSLAKTRTETQYF	1	T	F	IMGT_CDR3	IN		
501			T											CSARGGDEKLFF	1	T	F	IMGT_CDR3	IN		
502			T											CASSVHAGLAGSPSYNEQFF	1	T	F	IMGT_CDR3	IN		
503			T											CASSGTGCTEAFF	1	T	F	IMGT_CDR3	IN		
504			T											CASSYGGGAGRGNQPQHF	1	T	F	IMGT_CDR3	IN		
505			T											CSVTGHCYGYTF	1	T	F	IMGT_CDR3	IN		
506			T											CAWSGRRNQPQHF	1	T	F	IMGT_CDR3	IN		
507			T											CASSLRGVVGAAKNSPLHF	1	T	F	IMGT_CDR3	IN		
508			T											CASSLDLYLGIYNEQFF	1	T	F	IMGT_CDR3	IN		
509			T											CASRPGGPSSTANTGELFF	1	T	F	IMGT_CDR3	IN		
510			T											CASSVYCGRLETYEQYF	1	T	F	IMGT_CDR3	IN		
511			T											CASSVAPPTDRAF	1	T	F	IMGT_CDR3	IN		
512			T											CAPPSGGFETAYEQYF	1	T	F	IMGT_CDR3	IN		
513			T											CSVEDPRALPYAFF	1	T	F	IMGT_CDR3	IN		
514			T											CASTHRGEKLFF	1	T	F	IMGT_CDR3	IN		
515			T											CASSLELRGRGYEQYF	1	T	F	IMGT_CDR3	IN		
516			T											CASSFPGTSGGANEQFF	1	T	F	IMGT_CDR3	IN		
517			T											CSAERRIQYF	1	T	F	IMGT_CDR3	IN		
518			T											CASSSYEANTGELFF	1	T	F	IMGT_CDR3	IN		
519			T											CASSIGPGHAEKNIQYF	1	T	F	IMGT_CDR3	IN		
520			T											CAHSHVDDPREQYF	1	T	F	IMGT_CDR3	IN		
521			T											CASSLVENEQYF	1	T	F	IMGT_CDR3	IN		
522			T											CEGGSYGYTF	1	T	F	IMGT_CDR3	IN		
523			T											CASREGPGPSRQPQHF	1	T	F	IMGT_CDR3	IN		
524			T											CRLVCTDTQYF	1	T	F	IMGT_CDR3	IN		
525			T											CASMTGGGRGNTIYF	1	T	F	IMGT_CDR3	IN		
526			T											CANRCQGAIPQHF	1	T	F	IMGT_CDR3	IN		
527			T											CQGGRPQETQYF	1	T	F	IMGT_CDR3	IN		
528			T											CASSLLDGEYWGANTEAFF	1	T	F	IMGT_CDR3	IN		
529			T											CASSQDPLLTAGSGNTIYF	1	T	F	IMGT_CDR3	IN		
530			T											CASSRGTRVNIQYF	1	T	F	IMGT_CDR3	IN		
531			T											CASSLTADSGANTGELFF	1	T	F	IMGT_CDR3	IN		
532			T											CSARDTTADYWPKSGNTIYF	1	T	F	IMGT_CDR3	IN		
533			T											CASSRPTGGLWGTTDTQYF	1	T	F	IMGT_CDR3	IN		
534			T											CASTPYQFAHNEQYF	1	T	F	IMGT_CDR3	IN		
535			T											CSARAGTGEEGYNEQFF	1	T	F	IMGT_CDR3	IN		
536			T											CASSSGYNEQFF	1	T	F	IMGT_CDR3	IN		
537			T											CASSLETGGYEQYF	1	T	F	IMGT_CDR3	IN		
538			T											CASIPGSNEQFF	1	T	F	IMGT_CDR3	IN		
539			T											CASSLIYQKLAGGHNEQFF	1	T	F	IMGT_CDR3	IN		
540			T											CATSGGGGTDTQYF	1	T	F	IMGT_CDR3	IN		
541			T											CAWRPLPTGLRRQETQYF	1	T	F	IMGT_CDR3	IN		
542			T											CASSQERGYSGNSEQFF	1	T	F	IMGT_CDR3	IN		
543			T											CASSCDRGEQYF	1	T	F	IMGT_CDR3	IN		
544			T											CARLRSKGAGELFF	1	T	F	IMGT_CDR3	IN		
545			T											CASWSERQGSERGSEAFF	1	T	F	IMGT_CDR3	IN		
546			T											CASSDTGGLGTEAFF	1	T	F	IMGT_CDR3	IN		
547			T											CASSMGSLAGTDEQYF	1	T	F	IMGT_CDR3	IN		
548			T											CASSYSQPGQGQPQHF	1	T	F	IMGT_CDR3	IN		
549			T											CASSIDHRTTGGYEQYF	1	T	F	IMGT_CDR3	IN		
550			T											CASSGRGTYEQYF	1	T	F	IMGT_CDR3	IN		
551			T											CAREASSGLYNEQFF	1	T	F	IMGT_CDR3	IN		
552			T											CSAAGTGDTEAFF	1	T	F	IMGT_CDR3	IN		
553			T											CASSLWATGGYEQYF	1	T	F	IMGT_CDR3	IN		
554			T											CASSFPASAKIEQYF	1	T	F	IMGT_CDR3	IN		
555			T											CASAGQGAEEAFF	1	T	F	IMGT_CDR3	IN		
556			T											CASTGTDWGTDTQYF	1	T	F	IMGT_CDR3	IN		
557			T											CSARLIDRVCYEQYF	1	T	F	IMGT_CDR3	IN		
558			T											CASRPGTGVSEAFF	1	T	F	IMGT_CDR3	IN		
559			T											CASSRYRERRSSGNTIYF	1	T	F	IMGT_CDR3	IN		
560			T											CATSDSGMGRSSYNSPLHF	1	T	F	IMGT_CDR3	IN		
561			T											CSARPLGYNEQFF	1	T	F	IMGT_CDR3	IN		
562			T											CASRGTGTSGRVGETQYF	1	T	F	IMGT_CDR3	IN		
563			T											CASRPEHSGANVLTF	1	T	F	IMGT_CDR3	IN		
564			T											CASSIPSIGGGPYEQYF	1	T	F	IMGT_CDR3	IN		
565			T											CASSPARVHTGELFF	1	T	F	IMGT_CDR3	IN		
566			T											CASSHEGEGRSNQPQHF	1	T	F	IMGT_CDR3	IN		
567			T											CASSSVEDRYPTSNTEAFF	1	T	F	IMGT_CDR3	IN		
568			T											CASSPSTEAFF	1	T	F	IMGT_CDR3	IN		
569			T											CASSTCGPCTDTQYF	1	T	F	IMGT_CDR3	IN		
570			T											CASLKGLGGTDTQYF	1	T	F	IMGT_CDR3	IN		
571			T											CATSDLDQDSTDTQYF	1	T	F	IMGT_CDR3	IN		
572			T											CASSPRAGSRKLFF	1	T	F	IMGT_CDR3	IN		
573			T											CASSELAGGFNEQFF	1	T	F	IMGT_CDR3	IN		
574			T											CASSERRRSDRDGYTF	1	T	F	IMGT_CDR3	IN		
575			T											CASSFGQFLSSPLHF	1	T	F	IMGT_CDR3	IN		
576			T											CASSSTRAPTDIDPYEQYF	1	T	F	IMGT_CDR3	IN		
577			T											CASRIPRDRIEEAYEQYF	1	T	F	IMGT_CDR3	IN		
578			T											CASTLRGETQYF	1	T	F	IMGT_CDR3	IN		
579			T											CASSQEIGGFRGQFHYGYTF	1	T	F	IMGT_CDR3	IN		
580			T											CASSDSIGQGLVSYEQYF	1	T	F	IMGT_CDR3	IN		
581			T											CASSTNLAGCYTQYF	1	T	F	IMGT_CDR3	IN		
582			T											CASSLGGEGTGGGNHQPQHF	1	T	F	IMGT_CDR3	IN		
583			T											CASSQGLTAFNYGYTF	1	T	F	IMGT_CDR3	IN		
584			T											CASSTPGQGISHSNQPQHF	1	T	F	IMGT_CDR3	IN		
585			T											CASSDARPGYHEQYF	1	T	F	IMGT_CDR3	IN		
586			T											CATSRDAGQGVGNTIYF	1	T	F	IMGT_CDR3	IN		
587			T											CASSYSRPRRDSTETQYF	1	T	F	IMGT_CDR3	IN		
588			T											CASSVGIHDPGGAYNEQFF	1	T	F	IMGT_CDR3	IN		
589			T											CASSTDIASLAPISYEQYF	1	T	F	IMGT_CDR3	IN		
590			T											CASRGLRVVYGYTF	1	T	F	IMGT_CDR3	IN		
591			T											CATRNRETKDRGQVAGANVLTF	1	T	F	IMGT_CDR3	IN		
592			T											CASSYSGTTEAFF	1	T	F	IMGT_CDR3	IN		
593			T											CASSSRRQQETQYF	1	T	F	IMGT_CDR3	IN		
594			T											CAIDPGQGGISGANVLTF	1	T	F	IMGT_CDR3	IN		
595			T											CASPFRSQGFNQPQHF	1	T	F	IMGT_CDR3	IN		
596			T											CASSEARIRGPSPLHF	1	T	F	IMGT_CDR3	IN		
597			T											CASSPEGVHTEAFF	1	T	F	IMGT_CDR3	IN		
598			T											CASSLLEAMTSGAETQYF	1	T	F	IMGT_CDR3	IN		
599			T											CASSLDVGLPARSSGNTIYF	1	T	F	IMGT_CDR3	IN		
600			T											CASSYVTTGELFF	1	T	F	IMGT_CDR3	IN		
601			T											CSVAPLSTGELFF	1	T	F	IMGT_CDR3	IN		
602			T											CARNSGPMYNEQFF	1	T	F	IMGT_CDR3	IN		
603			T											CASSLALRGRYHEKLFF	1	T	F	IMGT_CDR3	IN		
604			T											CGLGLDTQYF	1	T	F	IMGT_CDR3	IN		
605			T											CASSQRLAMGQRPHATNEKLFF	1	T	F	IMGT_CDR3	IN		
606			T											CASSPGQFF	1	T	F	IMGT_CDR3	IN		
607			T											CASTEIPGREQFF	1	T	F	IMGT_CDR3	IN		
608			T											CSARQGQYNEQFF	1	T	F	IMGT_CDR3	IN		
609			T											CASRRRQGERPGSGNTIYF	1	T	F	IMGT_CDR3	IN		
610			T											CASSPVQGLNQPQHF	1	T	F	IMGT_CDR3	IN		
611			T											CASSERGGYEKLFF	1	T	F	IMGT_CDR3	IN		
612			T											CASSLDAAHREQFF	1	T	F	IMGT_CDR3	IN		
613			T											CGGWNTGELFF	1	T	F	IMGT_CDR3	IN		
614			T											CASSEHRGIFYNEQFF	1	T	F	IMGT_CDR3	IN		
615			T											CGRGPDTQYF	1	T	F	IMGT_CDR3	IN		
616			T											CASSLSVDRLYQPQHF	1	T	F	IMGT_CDR3	IN		
617			T											CSARTGSNEQFF	1	T	F	IMGT_CDR3	IN		
618			T											CASSLTNLGQISPKAAKNIQYF	1	T	F	IMGT_CDR3	IN		
619			T											CSARAVHTGGSYEQYF	1	T	F	IMGT_CDR3	IN		
620			T											CAWSVGPGSSYEQYF	1	T	F	IMGT_CDR3	IN		
621			T											CASNGVGYEQYF	1	T	F	IMGT_CDR3	IN		
622			T											CASSLRRLYEQYF	1	T	F	IMGT_CDR3	IN		
623			T											CASSLGLAYKCGELFF	1	T	F	IMGT_CDR3	IN		
624			T											CASSFFAPGTGRNGYTF	1	T	F	IMGT_CDR3	IN		
625			T											CASYAAGGPEQYF	1	T	F	IMGT_CDR3	IN		
626			T											CASSQERRAPTGELFF	1	T	F	IMGT_CDR3	IN		
627			T											CASSGAPSDPYEQYF	1	T	F	IMGT_CDR3	IN		
628			T											CASGRRNRGGQPQHF	1	T	F	IMGT_CDR3	IN		
629			T											CASSNHPRESNTGELFF	1	T	F	IMGT_CDR3	IN		
630			T											CASSYRRATRGRTNTEAFF	1	T	F	IMGT_CDR3	IN		
631			T											CASSLFGAMNTEAFF	1	T	F	IMGT_CDR3	IN		
632			T											CAIGATGDYEQYF	1	T	F	IMGT_CDR3	IN		
633			T											CATSSSPGVTETQYF	1	T	F	IMGT_CDR3	IN		
634			T											CASSVLDTQYF	1	T	F	IMGT_CDR3	IN		
635			T											CSARADQHTNWNYGYTF	1	T	F	IMGT_CDR3	IN		
636			T											CASSLFEAGEAFF	1	T	F	IMGT_CDR3	IN		
637			T											CASSFFIGRPGANVLTF	1	T	F	IMGT_CDR3	IN		
638			T											CARPVITDTQYF	1	T	F	IMGT_CDR3	IN		
639			T											CASSPGFEKLFF	1	T	F	IMGT_CDR3	IN		
640			T											CASSLSGRHEQYF	1	T	F	IMGT_CDR3	IN		
641			T											CASPNEKLFF	1	T	F	IMGT_CDR3	IN		
642			T											CAIAGSYEQYF	1	T	F	IMGT_CDR3	IN		
643			T											CAGVRALGVTQYF	1	T	F	IMGT_CDR3	IN		
644			T											CASSQVGEYF	1	T	F	IMGT_CDR3	IN		
645			T											CASSSRGGSEGYTF	1	T	F	IMGT_CDR3	IN		
646			T											CASSQAPGGDPETQYF	1	T	F	IMGT_CDR3	IN		
647			T											CASGLTARHPGQGLMNTEAFF	1	T	F	IMGT_CDR3	IN		
648			T											CASSSLTDFPYSNQPQHF	1	T	F	IMGT_CDR3	IN		
649			T											CASSPPPQGGEYSYEQYF	1	T	F	IMGT_CDR3	IN		
650			T											CAISRGTGVETQYF	1	T	F	IMGT_CDR3	IN		
651			T											CASSQGRAYEQYF	1	T	F	IMGT_CDR3	IN		
652			T											CASSLDQRWRDTQYF	1	T	F	IMGT_CDR3	IN		
653			T											CASSARWGYTF	1	T	F	IMGT_CDR3	IN		
654			T											CASSQAEEETQYF	1	T	F	IMGT_CDR3	IN		
655			T											CATSDLEQTSGLTQYF	1	T	F	IMGT_CDR3	IN		
656			T											CASSISSSNSPLHF	1	T	F	IMGT_CDR3	IN		
657			T											CASSLLGGGTTYEQYF	1	T	F	IMGT_CDR3	IN		
658			T											CASSVPQGTQPQHF	1	T	F	IMGT_CDR3	IN		
659			T											CASSLGAGTGSNYSNQPQHF	1	T	F	IMGT_CDR3	IN		
660			T											CATILREETQYF	1	T	F	IMGT_CDR3	IN		
661			T											CATSDLGLSSINQPQHF	1	T	F	IMGT_CDR3	IN		
662			T											CASSLDIAFF	1	T	F	IMGT_CDR3	IN		
663			T											CASSLGGRGGQGYNSPLHF	1	T	F	IMGT_CDR3	IN		
664			T											CASSRGDQPQHF	1	T	F	IMGT_CDR3	IN		
665			T											CATSRLPISKGGNTGELFF	1	T	F	IMGT_CDR3	IN		
666			T											CASSIARASSYNSPLHF	1	T	F	IMGT_CDR3	IN		
667			T											CAKTGHPTCEKLFF	1	T	F	IMGT_CDR3	IN		
668			T											CASSPRSSALAGGTNQPQHF	1	T	F	IMGT_CDR3	IN		
669			T											CARPQGLEQETQYF	1	T	F	IMGT_CDR3	IN		
670			T											CASSHTVDSYNEQFF	1	T	F	IMGT_CDR3	IN		
671			T											CASSLSDQNRQGRVGREVANYGYTF	1	T	F	IMGT_CDR3	IN		
672			T											CASRRAFF	1	T	F	IMGT_CDR3	IN		
673			T											CASRKTSGFF	1	T	F	IMGT_CDR3	IN		
674			T											CASSDKNQPQHF	1	T	F	IMGT_CDR3	IN		
675			T											CASSLTRSSYEQYF	1	T	F	IMGT_CDR3	IN		
676			T											CASSPECPTDTQYF	1	T	F	IMGT_CDR3	IN		
677			T											CASSTGMDGYTF	1	T	F	IMGT_CDR3	IN		
678			T											CASSQPGGETSTDTQYF	1	T	F	IMGT_CDR3	IN		
679			T											CASSQEPQEKLFF	1	T	F	IMGT_CDR3	IN		
680			T											CASSLEGFETQYF	1	T	F	IMGT_CDR3	IN		
681			T											CASGLRPRTGPGSAFF	1	T	F	IMGT_CDR3	IN		
682			T											CASSLAGHSYEQYF	1	T	F	IMGT_CDR3	IN		
683			T											CASSLTGPLGNQPQHF	1	T	F	IMGT_CDR3	IN		
684			T											CASSLVRTHSYNEQFF	1	T	F	IMGT_CDR3	IN		
685			T											CASSVSTSGRRGAEAFF	1	T	F	IMGT_CDR3	IN		
686			T											CASSQKGGWITGELFF	1	T	F	IMGT_CDR3	IN		
687			T											CASSHQNRDSRNEKLFF	1	T	F	IMGT_CDR3	IN		
688			T											CASSSREVNSPLHF	1	T	F	IMGT_CDR3	IN		
689			T											CSAVRWTGEMETQYF	1	T	F	IMGT_CDR3	IN		
690			T											CASSPKEPRDSGNTEAFF	1	T	F	IMGT_CDR3	IN		
691			T											CARNTASYGYTF	1	T	F	IMGT_CDR3	IN		
692			T											CASSFKACLLTEAFF	1	T	F	IMGT_CDR3	IN		
693			T											CASSYPFLGLANLLSYNEQFF	1	T	F	IMGT_CDR3	IN		
694			T											CASSLDEGPETQYF	1	T	F	IMGT_CDR3	IN		
695			T											CASSFTGRLGNTIYF	1	T	F	IMGT_CDR3	IN		
696			T											CASSLTGTVSFGYTF	1	T	F	IMGT_CDR3	IN		
697			T											CASSPPPMCVQETQYF	1	T	F	IMGT_CDR3	IN		
698			T											CASSLAGVLCHYGYTF	1	T	F	IMGT_CDR3	IN		
699			T											CASTDRDYYGYTF	1	T	F	IMGT_CDR3	IN		
700			T											CASSHGYEQYF	1	T	F	IMGT_CDR3	IN		
701			T											CASSLGATQCTIYF	1	T	F	IMGT_CDR3	IN		
702			T											CGEPGLAVYNEQFF	1	T	F	IMGT_CDR3	IN		
703			T											CASRGQGDGNTIYF	1	T	F	IMGT_CDR3	IN		
704			T											CASSQLPGQSDTQYF	1	T	F	IMGT_CDR3	IN		
705			T											CASSKSTGNTIYF	1	T	F	IMGT_CDR3	IN		
706			T											CASSRPGLEQYF	1	T	F	IMGT_CDR3	IN		
707			T											CASSLAGGSYEQYF	1	T	F	IMGT_CDR3	IN		
708			T											CSAKEDRASSYNEQFF	1	T	F	IMGT_CDR3	IN		
709			T											CASSCSTGGNTIYF	1	T	F	IMGT_CDR3	IN		
710			T											CASSYRSGTERTDTQYF	1	T	F	IMGT_CDR3	IN		
711			T											CASSLAAANQPQHF	1	T	F	IMGT_CDR3	IN		
712			T											CASGTGLSNSNQPQHF	1	T	F	IMGT_CDR3	IN		
713			T											CASILDFGGMNTEAFF	1	T	F	IMGT_CDR3	IN		
714			T											CASRRPETQYF	1	T	F	IMGT_CDR3	IN		
715			T											CAWTQTGGPNYGYTF	1	T	F	IMGT_CDR3	IN		
716			T											CASSDRESSYTQYF	1	T	F	IMGT_CDR3	IN		
717			T											CARSPPWGKSNQPQHF	1	T	F	IMGT_CDR3	IN		
718			T											CASSDGEGPGYTF	1	T	F	IMGT_CDR3	IN		
719			T											CASSNTGRGGKLFF	1	T	F	IMGT_CDR3	IN		
720			T											CAWHDRAWLGSNQPQHF	1	T	F	IMGT_CDR3	IN		
721			T											CASRKGFMSPEQFF	1	T	F	IMGT_CDR3	IN		
722			T											CASRPPTGQCNQPQHF	1	T	F	IMGT_CDR3	IN		
723			T											CSVGRGRITETQYF	1	T	F	IMGT_CDR3	IN		
724			T											CASSSGGGSSYNEQFF	1	T	F	IMGT_CDR3	IN		
725			T											CATAPGVNTEAFF	1	T	F	IMGT_CDR3	IN		
726			T											CASGRGRPQHF	1	T	F	IMGT_CDR3	IN		
727			T											CASSWPSLRETQYF	1	T	F	IMGT_CDR3	IN		
728			T											CAWSVRSDRSDTEAFF	1	T	F	IMGT_CDR3	IN		
729			T											CASSQDPTGADNEQFF	1	T	F	IMGT_CDR3	IN		
730			T											CASSQGEAFF	1	T	F	IMGT_CDR3	IN		
731			T											CASSHAGGVYEQYF	1	T	F	IMGT_CDR3	IN		
732			T											CASSYIPGGSNQPQHF	1	T	F	IMGT_CDR3	IN		
733			T											CASSRGRREAFF	1	T	F	IMGT_CDR3	IN		
734			T											CASTPGDGSSGANVLTF	1	T	F	IMGT_CDR3	IN		
735			T											CASSLFLAQQTQYF	1	T	F	IMGT_CDR3	IN		
736			T											CASSCYEGETQYF	1	T	F	IMGT_CDR3	IN		
737			T											CASSSLMGGPRRTYNEQFF	1	T	F	IMGT_CDR3	IN		
738			T											CASSGQGKNTEAFF	1	T	F	IMGT_CDR3	IN		
739			T											CASSFLMTVDRGSSQWSNYGYTF	1	T	F	IMGT_CDR3	IN		
740			T											CASSFSGLRIVSYNEQFF	1	T	F	IMGT_CDR3	IN		
741			T											CASSFPLQQKNSGANVLTF	1	T	F	IMGT_CDR3	IN		
742			T											CASSLKFPPPRTGGENFFEQFF	1	T	F	IMGT_CDR3	IN		
743			T											CASSEPPDIYEQYF	1	T	F	IMGT_CDR3	IN		
744			T											CASSYLGQASQPQHF	1	T	F	IMGT_CDR3	IN		
745			T											CASSSGGWQPQHF	1	T	F	IMGT_CDR3	IN		
746			T											CASSYSKQGRDYEQYF	1	T	F	IMGT_CDR3	IN		
747			T											CASSQDRSYYTGELFF	1	T	F	IMGT_CDR3	IN		
748			T											CQGQGNTEAFF	1	T	F	IMGT_CDR3	IN		
749			T											CASSYSVSGQVGYGYTF	1	T	F	IMGT_CDR3	IN		
750			T											CASSRAQPQHF	1	T	F	IMGT_CDR3	IN		
751			T											CAKGAKNIQYF	1	T	F	IMGT_CDR3	IN		
752			T											CAYTLRRENEQYF	1	T	F	IMGT_CDR3	IN		
753			T											CASSRGRANYGYTF	1	T	F	IMGT_CDR3	IN		
754			T											CSAVGRQNYGYTF	1	T	F	IMGT_CDR3	IN		
755			T											CASSLPGLVFLTYNEQFF	1	T	F	IMGT_CDR3	IN		
756			T											CASSETDGGGLTGELFF	1	T	F	IMGT_CDR3	IN		
757			T											CASSVASLAGGGELFF	1	T	F	IMGT_CDR3	IN		
758			T											CASSNIGARGNQPQHF	1	T	F	IMGT_CDR3	IN		
759			T											CASSYGSTELLFF	1	T	F	IMGT_CDR3	IN		
760			T											CASSLAVRVQETQYF	1	T	F	IMGT_CDR3	IN		
761			T											CASSWTHNEQFF	1	T	F	IMGT_CDR3	IN		
762			T											CATSRDHTDYEQYF	1	T	F	IMGT_CDR3	IN		
763			T											CASSTWGQETQYF	1	T	F	IMGT_CDR3	IN		
764			T											CASSRGEGNSEQYF	1	T	F	IMGT_CDR3	IN		
765			T											CASSLEGPGPLTPSYEQYF	1	T	F	IMGT_CDR3	IN		
766			T											CASSTEDRRLRITEAFF	1	T	F	IMGT_CDR3	IN		
767			T											CASSYTSGIRDTQYF	1	T	F	IMGT_CDR3	IN		
768			T											CASSHMVVMDTDTQYF	1	T	F	IMGT_CDR3	IN		
769			T											CATDHRGGSSSYEQYF	1	T	F	IMGT_CDR3	IN		
770			T											CASSGQGISGANVLTF	1	T	F	IMGT_CDR3	IN		
771			T											CASKLRRKGQGPSYNSPLHF	1	T	F	IMGT_CDR3	IN		
772			T											CATPRDRDSLAKNIQYF	1	T	F	IMGT_CDR3	IN		
773			T											CASFRQGGNTGELFF	1	T	F	IMGT_CDR3	IN		
774			T											CASGGWQETQYF	1	T	F	IMGT_CDR3	IN		
775			T											CASSQARRRAGNTYEQYF	1	T	F	IMGT_CDR3	IN		
776			T											CSVDSGGAVSYNEQFF	1	T	F	IMGT_CDR3	IN		
777			T											CASSGRPGQGCTDTQYF	1	T	F	IMGT_CDR3	IN		
778			T											CASSTTGTNEQYF	1	T	F	IMGT_CDR3	IN		
779			T											CAISPKGQLYEQYF	1	T	F	IMGT_CDR3	IN		
780			T											CASSEAGRCEAFF	1	T	F	IMGT_CDR3	IN		
781			T											CASTVGSQPQHF	1	T	F	IMGT_CDR3	IN		
782			T											CASSRSNQPQHF	1	T	F	IMGT_CDR3	IN		
783			T											CILEELAGGQLNTEAFF	1	T	F	IMGT_CDR3	IN		
784			T											CASTDSFWETQYF	1	T	F	IMGT_CDR3	IN		
785			T											CASFFNSRGRVGSYEQYF	1	T	F	IMGT_CDR3	IN		
786			T											CASSKAGRGSSNEQYF	1	T	F	IMGT_CDR3	IN		
787			T											CASSYRLTVMNTEAFF	1	T	F	IMGT_CDR3	IN		
788			T											CASRGGPSSYNSPLHF	1	T	F	IMGT_CDR3	IN		
789			T											CASSLRSGTSGKYYEQYF	1	T	F	IMGT_CDR3	IN		
790			T											CASKRTGMQYF	1	T	F	IMGT_CDR3	IN		
791			T											CASSYRGISSYEQYF	1	T	F	IMGT_CDR3	IN		
792			T											CASSNVGNTGELFF	1	T	F	IMGT_CDR3	IN		
793			T											CASSYNTQETQYF	1	T	F	IMGT_CDR3	IN		
794			T											CASSEARNRGTSGVREQFF	1	T	F	IMGT_CDR3	IN		
795			T											CSATLTPDEQFF	1	T	F	IMGT_CDR3	IN		
796			T											CAKVKNTEAFF	1	T	F	IMGT_CDR3	IN		
797			T											CASSRKTDSIEPRYGYTF	1	T	F	IMGT_CDR3	IN		
798			T											CASSERLVRQPPKAFF	1	T	F	IMGT_CDR3	IN		
799			T											CSAGLDKLDYEQYF	1	T	F	IMGT_CDR3	IN		
800			T											CASSDALAANYEQYF	1	T	F	IMGT_CDR3	IN		
801			T											CASSPRPISNQPQHF	1	T	F	IMGT_CDR3	IN		
802			T											CTYARGQPQHF	1	T	F	IMGT_CDR3	IN		
803			T											CATRKNTGELFF	1	T	F	IMGT_CDR3	IN		
804			T											CAIFRPGYTF	1	T	F	IMGT_CDR3	IN		
805			T											CASVGGGTSGANVLTF	1	T	F	IMGT_CDR3	IN		
806			T											CSARDRLSYEQFF	1	T	F	IMGT_CDR3	IN		
807			T											CASRQGPESGYTF	1	T	F	IMGT_CDR3	IN		
808			T											CASSLKQGAVQETQYF	1	T	F	IMGT_CDR3	IN		
809			T											CASSLLRPGVYEQYF	1	T	F	IMGT_CDR3	IN		
810			T											CASSLSDRVFSRTEAFF	1	T	F	IMGT_CDR3	IN		
811			T											CASSSSAQVPYEQYF	1	T	F	IMGT_CDR3	IN		
812			T											CASSMAGRLAGGRGTGELFF	1	T	F	IMGT_CDR3	IN		
813			T											CASSAPQTTSGEESTGELFF	1	T	F	IMGT_CDR3	IN		
814			T											CAISESGTSGRGTDTQYF	1	T	F	IMGT_CDR3	IN		
815			T											CASSGRANQPQHF	1	T	F	IMGT_CDR3	IN		
816			T											CASSGQGGEQYF	1	T	F	IMGT_CDR3	IN		
817			T											CASEPGQGGSDEKLFF	1	T	F	IMGT_CDR3	IN		
818			T											CASSYPCHSGTGRNEKLFF	1	T	F	IMGT_CDR3	IN		
819			T											CASGGGWRPDYGYTF	1	T	F	IMGT_CDR3	IN		
820			T											CASSTTGSDGYTF	1	T	F	IMGT_CDR3	IN		
821			T											CASSDFTGAPAGYTF	1	T	F	IMGT_CDR3	IN		
822			T											CSVEAPGINTEAFF	1	T	F	IMGT_CDR3	IN		
823			T											CASSPPFSWGGIYNEQFF	1	T	F	IMGT_CDR3	IN		
824			T											CASRIRTSGPGTDTQYF	1	T	F	IMGT_CDR3	IN		
825			T											CASSWKLAGEENSGANVLTF	1	T	F	IMGT_CDR3	IN		
826			T											CASIHTAEKGFFF	1	T	F	IMGT_CDR3	IN		
827			T											CASSIGPQGRYSPLHF	1	T	F	IMGT_CDR3	IN		
828			T											CASSLIRPKSGTGGGTGELFF	1	T	F	IMGT_CDR3	IN		
829			T											CASSYETGGSHGGPTEAFF	1	T	F	IMGT_CDR3	IN		
830			T											CATSRGKHGEKLFF	1	T	F	IMGT_CDR3	IN		
831			T											CASRREESYEQYF	1	T	F	IMGT_CDR3	IN		
832			T											CASVSDPEGSTDTQYF	1	T	F	IMGT_CDR3	IN		
833			T											CASSLAPKTSGRHNEQFF	1	T	F	IMGT_CDR3	IN		
834			T											CASSQPGQGAENYGYTF	1	T	F	IMGT_CDR3	IN		
835			T											CASSLSVTGVIHPEGGPCNQPQHF	1	T	F	IMGT_CDR3	IN		
836			T											CASSSNYRASPNNEKLFF	1	T	F	IMGT_CDR3	IN		
837			T											CATSDGRPNEQFF	1	T	F	IMGT_CDR3	IN		
838			T											CASSTGTSGRKEWNTEAFF	1	T	F	IMGT_CDR3	IN		
839			T											CASSMGPVNNEQFF	1	T	F	IMGT_CDR3	IN		
840			T											CASRTRRYEQYF	1	T	F	IMGT_CDR3	IN		
841			T											CASSAGAGRCCPMNTEAFF	1	T	F	IMGT_CDR3	IN		
842			T											CSARDPTTGYSLEQFF	1	T	F	IMGT_CDR3	IN		
843			T											CASSLAIRGAGANVLTF	1	T	F	IMGT_CDR3	IN		
844			T											CASSPEGLSSYEQYF	1	T	F	IMGT_CDR3	IN		
845			T											CASSQVGRDRDPYNEQFF	1	T	F	IMGT_CDR3	IN		
846			T											CASPRGVINNEQFF	1	T	F	IMGT_CDR3	IN		
847			T											CASSMGHEQYF	1	T	F	IMGT_CDR3	IN		
848			T											CASRSGGTKNEQFF	1	T	F	IMGT_CDR3	IN		
849			T											CASSELGPRRAENTEAFF	1	T	F	IMGT_CDR3	IN		
850			T											CASSSGHKRYEQYF	1	T	F	IMGT_CDR3	IN		
851			T											CASSPGGFYPNEKLFF	1	T	F	IMGT_CDR3	IN		
852			T											CASSYSPFRTSNQPQHF	1	T	F	IMGT_CDR3	IN		
853			T											CATREPPKGYYGYTF	1	T	F	IMGT_CDR3	IN		
854			T											CASSSPGESYSNQPQHF	1	T	F	IMGT_CDR3	IN		
855			T											CASRGGGRYGYTF	1	T	F	IMGT_CDR3	IN		
856			T											CASIVPPGTSGSNTGELFF	1	T	F	IMGT_CDR3	IN		
857			T											CASSRAEVGNTGELFF	1	T	F	IMGT_CDR3	IN		
858			T											CASSRKNGRRSYEQYF	1	T	F	IMGT_CDR3	IN		
859			T											CASSSNRGLDQPQHF	1	T	F	IMGT_CDR3	IN		
860			T											CASSIDLPGEPSYGYTF	1	T	F	IMGT_CDR3	IN		
861			T											CASSPLTGIRDTQYF	1	T	F	IMGT_CDR3	IN		
862			T											CASTTTGSCLHEQYF	1	T	F	IMGT_CDR3	IN		
863			T											CASRDSAYGYTF	1	T	F	IMGT_CDR3	IN		
864			T											CASSSPKGRVFSFYEQYF	1	T	F	IMGT_CDR3	IN		
865			T											CASRRGAYQPQHF	1	T	F	IMGT_CDR3	IN		
866			T											CASSLQTRSGVNQETQYF	1	T	F	IMGT_CDR3	IN		
867			T											CASSLWTEQPQHF	1	T	F	IMGT_CDR3	IN		
868			T											CASSLTGRIETGDGNQPQHF	1	T	F	IMGT_CDR3	IN		
869			T											CASSYDRAYEQYF	1	T	F	IMGT_CDR3	IN		
870			T											CERDSLPQHF	1	T	F	IMGT_CDR3	IN		
871			T											CASSKWTGPFGYTF	1	T	F	IMGT_CDR3	IN		
872			T											CASSYRPGVYEQYF	1	T	F	IMGT_CDR3	IN		
873			T											CASSHRGGYTF	1	T	F	IMGT_CDR3	IN		
874			T											CASMGQGRYEQYF	1	T	F	IMGT_CDR3	IN		
875			T											CSASGLRTGELFF	1	T	F	IMGT_CDR3	IN		
876			T											CASSLPGLLGAGELFF	1	T	F	IMGT_CDR3	IN		
877			T											CASMHEVKLGGYTF	1	T	F	IMGT_CDR3	IN		
878			T											CASVSPPLAGPCYNEQFF	1	T	F	IMGT_CDR3	IN		
879			T											CASSPRINTEAFF	1	T	F	IMGT_CDR3	IN		
880			T											CASSLELEPGNQPQHF	1	T	F	IMGT_CDR3	IN		
881			T											CASSERDRVRNEQFF	1	T	F	IMGT_CDR3	IN		
882			T											CASSSTGPPIAFF	1	T	F	IMGT_CDR3	IN		
883			T											CSAILGGATGELFF	1	T	F	IMGT_CDR3	IN		
884			T											CASSGQLFDEQYF	1	T	F	IMGT_CDR3	IN		
885			T											CSAIRKCLWTGRGKLFF	1	T	F	IMGT_CDR3	IN		
886			T											CAISLDTRGQLYEQYF	1	T	F	IMGT_CDR3	IN		
887			T											CASSFCIFTSGRNTQYF	1	T	F	IMGT_CDR3	IN		
888			T											CASSLQAEDPALGWPTNEKLFF	1	T	F	IMGT_CDR3	IN		
889			T											CASSYSLGGNGGYTF	1	T	F	IMGT_CDR3	IN		
890			T											CAKVPGPYSYEQYF	1	T	F	IMGT_CDR3	IN		
891			T											CASSDRGPNTEAFF	1	T	F	IMGT_CDR3	IN		
892			T											CASSIRRGTPLHF	1	T	F	IMGT_CDR3	IN		
893			T											CARIRRTSGRSKNIQYF	1	T	F	IMGT_CDR3	IN		
894			T											CASSGGQDTGELFF	1	T	F	IMGT_CDR3	IN		
895			T											CASSEPGQGGGYTF	1	T	F	IMGT_CDR3	IN		
896			T											CASSRWGRTGVGSNTIYF	1	T	F	IMGT_CDR3	IN		
897			T											CASSVLLNEQFF	1	T	F	IMGT_CDR3	IN		
898			T											CASSLTGPRTGAASGNTIYF	1	T	F	IMGT_CDR3	IN		
899			T											CASGLGPTQPQHF	1	T	F	IMGT_CDR3	IN		
900			T											CASSRRLGASGNTIYF	1	T	F	IMGT_CDR3	IN		
901			T											CASRDRVNSNQPQHF	1	T	F	IMGT_CDR3	IN		
902			T											CASSLITLGNAYEQYF	1	T	F	IMGT_CDR3	IN		
903			T											CASSLLGGGLFDTQYF	1	T	F	IMGT_CDR3	IN		
904			T											CASRIRTPDTQYF	1	T	F	IMGT_CDR3	IN		
905			T											CASSAGSRFHEQYF	1	T	F	IMGT_CDR3	IN		
906			T											CASRFFQGDSNQPQHF	1	T	F	IMGT_CDR3	IN		
907			T											CAWSDEGGSGAGANVLTF	1	T	F	IMGT_CDR3	IN		
908			T											CASSVPPEGPRQPQHF	1	T	F	IMGT_CDR3	IN		
909			T											CASGIREKLFF	1	T	F	IMGT_CDR3	IN		
910			T											CASSKGLYEKLFF	1	T	F	IMGT_CDR3	IN		
911			T											CGQLRVAGARYNQPQHF	1	T	F	IMGT_CDR3	IN		
912			T											CASSPYCRRSSYNEQFF	1	T	F	IMGT_CDR3	IN		
913			T											CASSGERYPETQYF	1	T	F	IMGT_CDR3	IN		
914			T											CSVDGTETRSEQYF	1	T	F	IMGT_CDR3	IN		
915			T											CASSLRYEQYF	1	T	F	IMGT_CDR3	IN		
916			T											CAQTESTARISLNTEAFF	1	T	F	IMGT_CDR3	IN		
917			T											CASSGQHQPQHF	1	T	F	IMGT_CDR3	IN		
918			T											CASSLELRGRGYEQYF	1	T	F	IMGT_CDR3	IN		
919			T											CSVRRANF	1	T	F	IMGT_CDR3	IN		
920			T											CAWSVHGTSGRALYEQFF	1	T	F	IMGT_CDR3	IN		
921			T											CASRQADSPNTEAFF	1	T	F	IMGT_CDR3	IN		
922			T											CASSSPGILDKNEQFF	1	T	F	IMGT_CDR3	IN		
923			T											CASSPLRDRGPRDGYTF	1	T	F	IMGT_CDR3	IN		
924			T											CASSLLDQLAGGAEQFF	1	T	F	IMGT_CDR3	IN		
925			T											CASSTQNEQFF	1	T	F	IMGT_CDR3	IN		
926			T											CANEEGTEYNEQFF	1	T	F	IMGT_CDR3	IN		
927			T											CASSLAGAHEQYF	1	T	F	IMGT_CDR3	IN		
928			T											CASKRKNIQYF	1	T	F	IMGT_CDR3	IN		
929			T											CASRPAWVRVAYEQYF	1	T	F	IMGT_CDR3	IN		
930			T											CASRGVGKMNSNQPQHF	1	T	F	IMGT_CDR3	IN		
931			T											CASSSASSGNQPQHF	1	T	F	IMGT_CDR3	IN		
932			T											CASSLAGILGSYEQYF	1	T	F	IMGT_CDR3	IN		
933			T											CASSLQFLGGHEQFF	1	T	F	IMGT_CDR3	IN		
934			T											CASSFLPLSYNEQFF	1	T	F	IMGT_CDR3	IN		
935			T											CASSLVKGGPGNTEAFF	1	T	F	IMGT_CDR3	IN		
936			T											CASTGMRKGEKSRDFF	1	T	F	IMGT_CDR3	IN		
937			T											CARSGRGTYEQYF	1	T	F	IMGT_CDR3	IN		
938			T											CASSRRPLAKNIQYF	1	T	F	IMGT_CDR3	IN		
939			T											CSARDLSHGDYGYTF	1	T	F	IMGT_CDR3	IN		
940			T											CATQTGTGADEKLFF	1	T	F	IMGT_CDR3	IN		
941			T											CASSLVPRQGSYNSPLHF	1	T	F	IMGT_CDR3	IN		
942			T											CASSLAHYRAGYF	1	T	F	IMGT_CDR3	IN		
943			T											CASSQDGALKPQHF	1	T	F	IMGT_CDR3	IN		
944			T											CASRRFPDLDRPGRYEQYF	1	T	F	IMGT_CDR3	IN		
945			T											CASSRGTGGYTF	1	T	F	IMGT_CDR3	IN		
946			T											CATSESRSNQPQHF	1	T	F	IMGT_CDR3	IN		
947			T											CASSLVPGQTPLGYEQYF	1	T	F	IMGT_CDR3	IN		
948			T											CASREGGYHNSPLHF	1	T	F	IMGT_CDR3	IN		
949			T											CASSYPPHGQTQYF	1	T	F	IMGT_CDR3	IN		
950			T											CASSCWARVRTEAFF	1	T	F	IMGT_CDR3	IN		
951			T											CASSTTSGSKRSWYDYGYTF	1	T	F	IMGT_CDR3	IN		
952			T											CASSTKGGCGYTF	1	T	F	IMGT_CDR3	IN		
953			T											CASRSWRIPVIGGYTF	1	T	F	IMGT_CDR3	IN		
954			T											CASSLLLETLYNEQFF	1	T	F	IMGT_CDR3	IN		
955			T											CASSQGGPIETQYF	1	T	F	IMGT_CDR3	IN		
956			T											CASKKKQGWPPDTQYF	1	T	F	IMGT_CDR3	IN		
957			T											CASSLAGSRFPCSPLHF	1	T	F	IMGT_CDR3	IN		
958			T											CATLPDGGTDTQYF	1	T	F	IMGT_CDR3	IN		
959			T											CASTNQRDFSGANVLTF	1	T	F	IMGT_CDR3	IN		
960			T											CASGGTRPYEQYF	1	T	F	IMGT_CDR3	IN		
961			T											CASRPTRGANVLTF	1	T	F	IMGT_CDR3	IN		
962			T											CASSLKSGLFYEQYF	1	T	F	IMGT_CDR3	IN		
963			T											CATSDFPGGQGNQPQHF	1	T	F	IMGT_CDR3	IN		
964			T											CASSLPREGQGADMTTYNEQFF	1	T	F	IMGT_CDR3	IN		
965			T											CASSQDSQGLNTEAFF	1	T	F	IMGT_CDR3	IN		
966			T											CAPGQGCTDTQYF	1	T	F	IMGT_CDR3	IN		
967			T											CASSLLACLAKNIQYF	1	T	F	IMGT_CDR3	IN		
968			T											CATSDLNHGSTNTGELFF	1	T	F	IMGT_CDR3	IN		
969			T											CASTREARKTQYF	1	T	F	IMGT_CDR3	IN		
970			T											CASSLDAIGGASYNEQFF	1	T	F	IMGT_CDR3	IN		
971			T											CASSYGSEDEQYF	1	T	F	IMGT_CDR3	IN		
972			T											CATGPQGYEQYF	1	T	F	IMGT_CDR3	IN		
973			T											CSARDRGAPPLHF	1	T	F	IMGT_CDR3	IN		
974			T											CANTRSARRPNIQYF	1	T	F	IMGT_CDR3	IN		
975			T											CASSPLLARLGHVSEAFF	1	T	F	IMGT_CDR3	IN		
976			T											CASSLVHGWTGGANTGELFF	1	T	F	IMGT_CDR3	IN		
977			T											CASSYSTRDSPGNYGYTF	1	T	F	IMGT_CDR3	IN		
978			T											CANRGAYGYTF	1	T	F	IMGT_CDR3	IN		
979			T											CASRDDRVLDPTGELFF	1	T	F	IMGT_CDR3	IN		
980			T											CAITPEGTGLRENGYTF	1	T	F	IMGT_CDR3	IN		
981			T											CARRGFVVGYTF	1	T	F	IMGT_CDR3	IN		
982			T											CASSLTGGLDREKLFF	1	T	F	IMGT_CDR3	IN		
983			T											CASSAGGGAASYNEQFF	1	T	F	IMGT_CDR3	IN		
984			T											CASSLSLQGIYEQYF	1	T	F	IMGT_CDR3	IN		
985			T											CASSQDVIPGLAVETQYF	1	T	F	IMGT_CDR3	IN		
986			T											CSVDVRDSSSYNSPLHF	1	T	F	IMGT_CDR3	IN		
987			T											CSANTGSGAPSEAFF	1	T	F	IMGT_CDR3	IN		
988			T											CASSFSQTENEKLFF	1	T	F	IMGT_CDR3	IN		
989			T											CASSLRQGAGIRYGYTF	1	T	F	IMGT_CDR3	IN		
990			T											CASRPPRVGNTEAFF	1	T	F	IMGT_CDR3	IN		
991			T											CSASCDSDCGELFF	1	T	F	IMGT_CDR3	IN		
992			T											CSASSEIAFF	1	T	F	IMGT_CDR3	IN		
993			T											CASSQGAGAYF	1	T	F	IMGT_CDR3	IN		
994			T											CATRRDRGSICGYTF	1	T	F	IMGT_CDR3	IN		
995			T											CASSDRGNTEAFF	1	T	F	IMGT_CDR3	IN		
996			T											CASVRLGSGSCKRRSEAFF	1	T	F	IMGT_CDR3	IN		
997			T											CASSISSSRVVAVISGANVLTF	1	T	F	IMGT_CDR3	IN		
998			T											CAMSRIRGGPNTEAFF	1	T	F	IMGT_CDR3	IN		
999			T											CARRGRQGGGNQPQHF	1	T	F	IMGT_CDR3	IN		
1000			T											CASSTGFWLEILGYTF	1	T	F	IMGT_CDR3	IN		
