sequence_id	sequence	rev_comp	productive	v_call	d_call	j_call	sequence_alignment	germline_alignment	junction	junction_aa	v_cigar	d_cigar	j_cigar	cdr3_aa	duplicate_count	vj_in_frame	stop_codon	v_genes	j_genes	region_types	frame_types
1			T	TRBV1		TRBJ1								CAGIVSATNEKLFF	5	T	F	TRBV1	TRBJ1	IMGT_CDR3	IN
2			T	TRBV1		TRBJ1								CASSQVAGQGDLQETQYF	5	T	F	TRBV1	TRBJ1	IMGT_CDR3	IN
3			T	TRBV1		TRBJ1								CSARVPTSGKPEQFF	5	T	F	TRBV1	TRBJ1	IMGT_CDR3	IN
4			T	TRBV1		TRBJ1								CASSQAVSGTVTDTQYF	5	T	F	TRBV1	TRBJ1	IMGT_CDR3	IN
5			T	TRBV1		TRBJ1								CASRLSRAPNSSEGRSYNSPLHF	5	T	F	TRBV1	TRBJ1	IMGT_CDR3	IN
6			T	TRBV1		TRBJ1								CASSLGLAGVRADTDTQYF	5	T	F	TRBV1	TRBJ1	IMGT_CDR3	IN
7			T	TRBV1		TRBJ1								CAQKVDF	5	T	F	TRBV1	TRBJ1	IMGT_CDR3	IN
8			T	TRBV1		TRBJ1								CASSDRKQGSYEQYF	5	T	F	TRBV1	TRBJ1	IMGT_CDR3	IN
9			T	TRBV1		TRBJ1								CASSVEKVGTSGWDTQYF	5	T	F	TRBV1	TRBJ1	IMGT_CDR3	IN
10			T	TRBV1		TRBJ1								CASLSGRKCYEQYF	5	T	F	TRBV1	TRBJ1	IMGT_CDR3	IN
11			T	TRBV1		TRBJ1								CSASVALFAGGLEQFF	5	T	F	TRBV1	TRBJ1	IMGT_CDR3	IN
12			T	TRBV1		TRBJ1								CASGSSPDRAGKYEQYF	5	T	F	TRBV1	TRBJ1	IMGT_CDR3	IN
13			T	TRBV1		TRBJ1								CASHTKPRVLTWQGETQYF	5	T	F	TRBV1	TRBJ1	IMGT_CDR3	IN
14			T	TRBV1		TRBJ1								CASSGPQGRGRTNEKLFF	5	T	F	TRBV1	TRBJ1	IMGT_CDR3	IN
15			T	TRBV1		TRBJ1								CAISDKGPNQPQHF	5	T	F	TRBV1	TRBJ1	IMGT_CDR3	IN
16			T	TRBV1		TRBJ1								CASSGLGGAYNEQFF	5	T	F	TRBV1	TRBJ1	IMGT_CDR3	IN
17			T	TRBV1		TRBJ1								CGNRHKGLASTDTQYF	5	T	F	TRBV1	TRBJ1	IMGT_CDR3	IN
18			T	TRBV1		TRBJ1								CASSESGKPSGSRTDTQYF	5	T	F	TRBV1	TRBJ1	IMGT_CDR3	IN
19			T	TRBV1		TRBJ1								CASRTAPGF	5	T	F	TRBV1	TRBJ1	IMGT_CDR3	IN
20			T	TRBV1		TRBJ1								CASSGGRASGNTIYF	5	T	F	TRBV1	TRBJ1	IMGT_CDR3	IN
21			T	TRBV1		TRBJ1								CASSLIQGQGGYTNEKLFF	5	T	F	TRBV1	TRBJ1	IMGT_CDR3	IN
22			T	TRBV1		TRBJ1								CASSFGLTNTGELFF	5	T	F	TRBV1	TRBJ1	IMGT_CDR3	IN
23			T	TRBV1		TRBJ1								CATSADGGDRTNSPLHF	5	T	F	TRBV1	TRBJ1	IMGT_CDR3	IN
24			T	TRBV1		TRBJ1								CASSLMGGGGDNEQFF	5	T	F	TRBV1	TRBJ1	IMGT_CDR3	IN
25			T	TRBV1		TRBJ1								CSVESGRGDDTEAFF	5	T	F	TRBV1	TRBJ1	IMGT_CDR3	IN
26			T	TRBV1		TRBJ1								CSARLDTGTSSMGSSVGYEQYF	5	T	F	TRBV1	TRBJ1	IMGT_CDR3	IN
27			T	TRBV1		TRBJ1								CASSWGQNTEAFF	5	T	F	TRBV1	TRBJ1	IMGT_CDR3	IN
28			T	TRBV1		TRBJ1								CASSKPKRDEPPTNEKLFF	5	T	F	TRBV1	TRBJ1	IMGT_CDR3	IN
29			T	TRBV1		TRBJ1								CASSVNDFTNTEAFF	5	T	F	TRBV1	TRBJ1	IMGT_CDR3	IN
30			T	TRBV1		TRBJ1								CASISRGPDHSPLHF	5	T	F	TRBV1	TRBJ1	IMGT_CDR3	IN
31			T	TRBV1		TRBJ1								CASSQGTDEQYF	5	T	F	TRBV1	TRBJ1	IMGT_CDR3	IN
32			T	TRBV1		TRBJ1								CASSLSRWGRGVHTEAFF	5	T	F	TRBV1	TRBJ1	IMGT_CDR3	IN
33			T	TRBV1		TRBJ1								CASKCGQVTALHEQFF	5	T	F	TRBV1	TRBJ1	IMGT_CDR3	IN
34			T	TRBV1		TRBJ1								CSAPPHPLGHEQFF	5	T	F	TRBV1	TRBJ1	IMGT_CDR3	IN
35			T	TRBV1		TRBJ1								CASSSTDEPQHF	5	T	F	TRBV1	TRBJ1	IMGT_CDR3	IN
36			T	TRBV1		TRBJ1								CASSQAAEGDQETQYF	5	T	F	TRBV1	TRBJ1	IMGT_CDR3	IN
37			T	TRBV1		TRBJ1								CASSSDPGPEQFF	5	T	F	TRBV1	TRBJ1	IMGT_CDR3	IN
38			T	TRBV1		TRBJ1								CASSYSDNPGLLNNEQFF	5	T	F	TRBV1	TRBJ1	IMGT_CDR3	IN
39			T	TRBV1		TRBJ1								CASSINASPLRACDWHIQYF	5	T	F	TRBV1	TRBJ1	IMGT_CDR3	IN
40			T	TRBV1		TRBJ1								CASSVSGQIGYTF	5	T	F	TRBV1	TRBJ1	IMGT_CDR3	IN
41			T	TRBV1		TRBJ1								CAISDKGPNQPQHF	5	T	F	TRBV1	TRBJ1	IMGT_CDR3	IN
42			T	TRBV1		TRBJ1								CASSLPNSLFPGQGKLFF	5	T	F	TRBV1	TRBJ1	IMGT_CDR3	IN
43			T	TRBV1		TRBJ1								CASRLRECTDTQYF	5	T	F	TRBV1	TRBJ1	IMGT_CDR3	IN
44			T	TRBV1		TRBJ1								CASSVLLFFGANYGYTF	5	T	F	TRBV1	TRBJ1	IMGT_CDR3	IN
45			T	TRBV1		TRBJ1								CASINRGQPQHF	5	T	F	TRBV1	TRBJ1	IMGT_CDR3	IN
46			T	TRBV1		TRBJ1								CASSDSSSNRGRVNEQYF	5	T	F	TRBV1	TRBJ1	IMGT_CDR3	IN
47			T	TRBV1		TRBJ1								CATLGALMEQYF	5	T	F	TRBV1	TRBJ1	IMGT_CDR3	IN
48			T	TRBV1		TRBJ1								CASSQGLGDRESQETQYF	5	T	F	TRBV1	TRBJ1	IMGT_CDR3	IN
49			T	TRBV1		TRBJ1								CASSMGRNYGYTF	5	T	F	TRBV1	TRBJ1	IMGT_CDR3	IN
50			T	TRBV1		TRBJ1								CASSQDTRGTYEQYF	5	T	F	TRBV1	TRBJ1	IMGT_CDR3	IN
51			T	TRBV1		TRBJ1								CASSQEYKGGRPMNTEAFF	5	T	F	TRBV1	TRBJ1	IMGT_CDR3	IN
52			T	TRBV1		TRBJ1								CASSLFPEGAQKAGNTIYF	5	T	F	TRBV1	TRBJ1	IMGT_CDR3	IN
53			T	TRBV1		TRBJ1								CAWSDGMDRGPRSGELFF	5	T	F	TRBV1	TRBJ1	IMGT_CDR3	IN
54			T	TRBV1		TRBJ1								CASSWGCPGTSGRGHEQYF	5	T	F	TRBV1	TRBJ1	IMGT_CDR3	IN
55			T	TRBV1		TRBJ1								CASSQNSYDIQYF	5	T	F	TRBV1	TRBJ1	IMGT_CDR3	IN
56			T	TRBV1		TRBJ1								CSAPPPRQGSSNQPQHF	5	T	F	TRBV1	TRBJ1	IMGT_CDR3	IN
57			T	TRBV1		TRBJ1								CASSCRGGPGDTQYF	5	T	F	TRBV1	TRBJ1	IMGT_CDR3	IN
58			T	TRBV1		TRBJ1								CASSLRGRSYF	5	T	F	TRBV1	TRBJ1	IMGT_CDR3	IN
59			T	TRBV1		TRBJ1								CASDRGQNWSEQYF	5	T	F	TRBV1	TRBJ1	IMGT_CDR3	IN
60			T	TRBV1		TRBJ1								CASRTLRESYEQYF	5	T	F	TRBV1	TRBJ1	IMGT_CDR3	IN
61			T	TRBV1		TRBJ1								CASSHKRRNTIYF	5	T	F	TRBV1	TRBJ1	IMGT_CDR3	IN
62			T	TRBV1		TRBJ1								CASSDVSGPEQFF	5	T	F	TRBV1	TRBJ1	IMGT_CDR3	IN
63			T	TRBV1		TRBJ1								CASSLGTGKQSAFF	5	T	F	TRBV1	TRBJ1	IMGT_CDR3	IN
64			T	TRBV1		TRBJ1								CASSTYYFHYEQYF	5	T	F	TRBV1	TRBJ1	IMGT_CDR3	IN
65			T	TRBV1		TRBJ1								CASYSGKGYTF	5	T	F	TRBV1	TRBJ1	IMGT_CDR3	IN
66			T	TRBV1		TRBJ1								CASSTPKARALFTYEQYF	5	T	F	TRBV1	TRBJ1	IMGT_CDR3	IN
67			T	TRBV1		TRBJ1								CASRGSQGILYEQYF	5	T	F	TRBV1	TRBJ1	IMGT_CDR3	IN
68			T	TRBV1		TRBJ1								CASSSATLFF	5	T	F	TRBV1	TRBJ1	IMGT_CDR3	IN
69			T	TRBV1		TRBJ1								CASSATSGGLHSYNEQFF	5	T	F	TRBV1	TRBJ1	IMGT_CDR3	IN
70			T	TRBV1		TRBJ1								CASSNRGVAYEQYF	5	T	F	TRBV1	TRBJ1	IMGT_CDR3	IN
71			T	TRBV1		TRBJ1								CASSPGTEGGSGANVLTF	5	T	F	TRBV1	TRBJ1	IMGT_CDR3	IN
72			T	TRBV1		TRBJ1								CAWSWTSGSEQYF	5	T	F	TRBV1	TRBJ1	IMGT_CDR3	IN
73			T	TRBV1		TRBJ1								CASSQTGLGTGKVENIQYF	5	T	F	TRBV1	TRBJ1	IMGT_CDR3	IN
74			T	TRBV1		TRBJ1								CASFPRTSGPKNIQYF	5	T	F	TRBV1	TRBJ1	IMGT_CDR3	IN
75			T	TRBV1		TRBJ1								CASSLLAPQGQGEQYF	5	T	F	TRBV1	TRBJ1	IMGT_CDR3	IN
76			T	TRBV1		TRBJ1								CASSLDSRIRLTTGELFF	5	T	F	TRBV1	TRBJ1	IMGT_CDR3	IN
77			T	TRBV1		TRBJ1								CASNRVILRGESANYGYTF	5	T	F	TRBV1	TRBJ1	IMGT_CDR3	IN
78			T	TRBV1		TRBJ1								CASSQVARQAWNTGELFF	5	T	F	TRBV1	TRBJ1	IMGT_CDR3	IN
79			T	TRBV1		TRBJ1								CAPSSGLADSSYNEQFF	5	T	F	TRBV1	TRBJ1	IMGT_CDR3	IN
80			T	TRBV1		TRBJ1								CASSRPDTMAYEQFF	5	T	F	TRBV1	TRBJ1	IMGT_CDR3	IN
81			T	TRBV1		TRBJ1								CASSPQSGGSDQETQYF	5	T	F	TRBV1	TRBJ1	IMGT_CDR3	IN
82			T	TRBV1		TRBJ1								CASSLVTEGQGRNQPQHF	5	T	F	TRBV1	TRBJ1	IMGT_CDR3	IN
83			T	TRBV1		TRBJ1								CSASKTQTGEQYF	5	T	F	TRBV1	TRBJ1	IMGT_CDR3	IN
84			T	TRBV1		TRBJ1								CASGFGQTNLLNTEAFF	5	T	F	TRBV1	TRBJ1	IMGT_CDR3	IN
85			T	TRBV1		TRBJ1								CASSENMSPGHEQYF	5	T	F	TRBV1	TRBJ1	IMGT_CDR3	IN
86			T	TRBV1		TRBJ1								CASSQDTSGGAHTDTQYF	5	T	F	TRBV1	TRBJ1	IMGT_CDR3	IN
87			T	TRBV1		TRBJ1								CASGGTGGVETQYF	5	T	F	TRBV1	TRBJ1	IMGT_CDR3	IN
88			T	TRBV1		TRBJ1								CASSESLRVSGNTIYF	5	T	F	TRBV1	TRBJ1	IMGT_CDR3	IN
89			T	TRBV1		TRBJ1								CASSSFELAGALETQYF	5	T	F	TRBV1	TRBJ1	IMGT_CDR3	IN
90			T	TRBV1		TRBJ1								CASSETGGGNRSNQPQHF	5	T	F	TRBV1	TRBJ1	IMGT_CDR3	IN
91			T	TRBV1		TRBJ1								CASSYPRDGINEQFF	5	T	F	TRBV1	TRBJ1	IMGT_CDR3	IN
92			T	TRBV1		TRBJ1								CAWTPGRVTDTQYF	5	T	F	TRBV1	TRBJ1	IMGT_CDR3	IN
93			T	TRBV1		TRBJ1								CASMSQHEKLFF	5	T	F	TRBV1	TRBJ1	IMGT_CDR3	IN
94			T	TRBV1		TRBJ1								CASSLYPTISYEQYF	5	T	F	TRBV1	TRBJ1	IMGT_CDR3	IN
95			T	TRBV1		TRBJ1								CASSARRVAGLYEQYF	5	T	F	TRBV1	TRBJ1	IMGT_CDR3	IN
96			T	TRBV1		TRBJ1								CASSLELGETQYF	5	T	F	TRBV1	TRBJ1	IMGT_CDR3	IN
97			T	TRBV1		TRBJ1								CASSLRLAGTQYF	5	T	F	TRBV1	TRBJ1	IMGT_CDR3	IN
98			T	TRBV1		TRBJ1								CASRPPTSGNEQFF	5	T	F	TRBV1	TRBJ1	IMGT_CDR3	IN
99			T	TRBV1		TRBJ1								CASGLGTDSRTEAFF	5	T	F	TRBV1	TRBJ1	IMGT_CDR3	IN
100			T	TRBV1		TRBJ1								CASSLDPPRERRRRTSTDTQYF	5	T	F	TRBV1	TRBJ1	IMGT_CDR3	IN
101			T	TRBV1		TRBJ1								CASSYLDEGGYTF	5	T	F	TRBV1	TRBJ1	IMGT_CDR3	IN
102			T	TRBV1		TRBJ1								CATSDFQIEAGRSNQPQHF	5	T	F	TRBV1	TRBJ1	IMGT_CDR3	IN
103			T	TRBV1		TRBJ1								CASITHRGRNTIYF	5	T	F	TRBV1	TRBJ1	IMGT_CDR3	IN
104			T	TRBV1		TRBJ1								CASSFRTGVSYNSPLHF	5	T	F	TRBV1	TRBJ1	IMGT_CDR3	IN
105			T	TRBV1		TRBJ1								CAWRTRRGEQYF	5	T	F	TRBV1	TRBJ1	IMGT_CDR3	IN
106			T	TRBV1		TRBJ1								CASRQWIEKLFF	5	T	F	TRBV1	TRBJ1	IMGT_CDR3	IN
107			T	TRBV1		TRBJ1								CASRYRFTYEQYF	5	T	F	TRBV1	TRBJ1	IMGT_CDR3	IN
108			T	TRBV1		TRBJ1								CSANGHYGYTF	5	T	F	TRBV1	TRBJ1	IMGT_CDR3	IN
109			T	TRBV1		TRBJ1								CASIPSAEPTSPLHF	5	T	F	TRBV1	TRBJ1	IMGT_CDR3	IN
110			T	TRBV1		TRBJ1								CATKTRFYEQYF	5	T	F	TRBV1	TRBJ1	IMGT_CDR3	IN
111			T	TRBV1		TRBJ1								CASKGRALDGYTF	5	T	F	TRBV1	TRBJ1	IMGT_CDR3	IN
112			T	TRBV1		TRBJ1								CASSVAEELGGDGYTF	5	T	F	TRBV1	TRBJ1	IMGT_CDR3	IN
113			T	TRBV1		TRBJ1								CASSLSRVGEAGANVLTF	5	T	F	TRBV1	TRBJ1	IMGT_CDR3	IN
114			T	TRBV1		TRBJ1								CASSEARQGIGEAFF	5	T	F	TRBV1	TRBJ1	IMGT_CDR3	IN
115			T	TRBV1		TRBJ1								CASSSSPGGLKHGYTF	5	T	F	TRBV1	TRBJ1	IMGT_CDR3	IN
116			T	TRBV1		TRBJ1								CSVVLARDRGDTFKNIQYF	5	T	F	TRBV1	TRBJ1	IMGT_CDR3	IN
117			T	TRBV1		TRBJ1								CASSPRTSGGGSYNEQFF	5	T	F	TRBV1	TRBJ1	IMGT_CDR3	IN
118			T	TRBV1		TRBJ1								CASSRVGVFEKLFF	5	T	F	TRBV1	TRBJ1	IMGT_CDR3	IN
119			T	TRBV1		TRBJ1								CASSLGAQGNGYTF	5	T	F	TRBV1	TRBJ1	IMGT_CDR3	IN
120			T	TRBV1		TRBJ1								CASSPPELETQYF	5	T	F	TRBV1	TRBJ1	IMGT_CDR3	IN
121			T	TRBV1		TRBJ1								CATSDLGKAGIDF	5	T	F	TRBV1	TRBJ1	IMGT_CDR3	IN
122			T	TRBV1		TRBJ1								CASSLVGSGNTIYF	5	T	F	TRBV1	TRBJ1	IMGT_CDR3	IN
123			T	TRBV1		TRBJ1								CASGPLLGTQYF	5	T	F	TRBV1	TRBJ1	IMGT_CDR3	IN
124			T	TRBV1		TRBJ1								CASSYSNSSWGRNYGYTF	5	T	F	TRBV1	TRBJ1	IMGT_CDR3	IN
125			T	TRBV1		TRBJ1								CASAYPGKYTIYF	5	T	F	TRBV1	TRBJ1	IMGT_CDR3	IN
126			T	TRBV1		TRBJ1								CASRGQGEACTEAFF	5	T	F	TRBV1	TRBJ1	IMGT_CDR3	IN
127			T	TRBV1		TRBJ1								CASSEAVFEEQYF	5	T	F	TRBV1	TRBJ1	IMGT_CDR3	IN
128			T	TRBV1		TRBJ1								CSAGAYNEQFF	5	T	F	TRBV1	TRBJ1	IMGT_CDR3	IN
129			T	TRBV1		TRBJ1								CASSGSVRINNEQFF	5	T	F	TRBV1	TRBJ1	IMGT_CDR3	IN
130			T	TRBV1		TRBJ1								CASSFSAHSTSADTQYF	5	T	F	TRBV1	TRBJ1	IMGT_CDR3	IN
131			T	TRBV1		TRBJ1								CASSYIGSTGVTINSPLHF	5	T	F	TRBV1	TRBJ1	IMGT_CDR3	IN
132			T	TRBV1		TRBJ1								CASSVYQGFGNNEQFF	5	T	F	TRBV1	TRBJ1	IMGT_CDR3	IN
133			T	TRBV1		TRBJ1								CASSLGLGLAGKFGTDTQYF	5	T	F	TRBV1	TRBJ1	IMGT_CDR3	IN
134			T	TRBV1		TRBJ1								CSAADRGMLFF	5	T	F	TRBV1	TRBJ1	IMGT_CDR3	IN
135			T	TRBV1		TRBJ1								CASSVVDRGHLNTEAFF	5	T	F	TRBV1	TRBJ1	IMGT_CDR3	IN
136			T	TRBV1		TRBJ1								CASSLTRGLNQPQHF	5	T	F	TRBV1	TRBJ1	IMGT_CDR3	IN
137			T	TRBV1		TRBJ1								CASSCEMSWDRAVGYEQYF	5	T	F	TRBV1	TRBJ1	IMGT_CDR3	IN
138			T	TRBV1		TRBJ1								CASSSPWGQGLLYGYTF	5	T	F	TRBV1	TRBJ1	IMGT_CDR3	IN
139			T	TRBV1		TRBJ1								CASKLTEAFF	5	T	F	TRBV1	TRBJ1	IMGT_CDR3	IN
140			T	TRBV1		TRBJ1								CASSGDPSYEQYF	5	T	F	TRBV1	TRBJ1	IMGT_CDR3	IN
141			T	TRBV1		TRBJ1								CASSLATGGGATNEKLFF	5	T	F	TRBV1	TRBJ1	IMGT_CDR3	IN
142			T	TRBV1		TRBJ1								CASSVDGTDTQYF	5	T	F	TRBV1	TRBJ1	IMGT_CDR3	IN
143			T	TRBV1		TRBJ1								CPASRSSYNEQFF	5	T	F	TRBV1	TRBJ1	IMGT_CDR3	IN
144			T	TRBV1		TRBJ1								CASSKQPVGDSTGELFF	5	T	F	TRBV1	TRBJ1	IMGT_CDR3	IN
145			T	TRBV1		TRBJ1								CATSDQSKRERDQPCNEKLFF	5	T	F	TRBV1	TRBJ1	IMGT_CDR3	IN
146			T	TRBV1		TRBJ1								CASTGDRSGELFF	5	T	F	TRBV1	TRBJ1	IMGT_CDR3	IN
147			T	TRBV1		TRBJ1								CASARVRPQHF	5	T	F	TRBV1	TRBJ1	IMGT_CDR3	IN
148			T	TRBV1		TRBJ1								CASGLRTLAEQFF	5	T	F	TRBV1	TRBJ1	IMGT_CDR3	IN
149			T	TRBV1		TRBJ1								CASSRKARVKGLAYEQYF	5	T	F	TRBV1	TRBJ1	IMGT_CDR3	IN
150			T	TRBV1		TRBJ1								CASALAGGCAYEQYF	5	T	F	TRBV1	TRBJ1	IMGT_CDR3	IN
151			T	TRBV1		TRBJ1								CASSYKVPLGRNLEQYF	5	T	F	TRBV1	TRBJ1	IMGT_CDR3	IN
152			T	TRBV1		TRBJ1								CAKAARQPQHF	5	T	F	TRBV1	TRBJ1	IMGT_CDR3	IN
153			T	TRBV1		TRBJ1								CASSIGLNLRGCEQYF	5	T	F	TRBV1	TRBJ1	IMGT_CDR3	IN
154			T	TRBV1		TRBJ1								CATDCPGTKPGELFF	5	T	F	TRBV1	TRBJ1	IMGT_CDR3	IN
155			T	TRBV1		TRBJ1								CASSLRPGPGSTEETQYF	5	T	F	TRBV1	TRBJ1	IMGT_CDR3	IN
156			T	TRBV1		TRBJ1								CASRSIGLAGYEQYF	5	T	F	TRBV1	TRBJ1	IMGT_CDR3	IN
157			T	TRBV1		TRBJ1								CASSYLCRAGANVLTF	5	T	F	TRBV1	TRBJ1	IMGT_CDR3	IN
158			T	TRBV1		TRBJ1								CASSQKPNRPEQYF	5	T	F	TRBV1	TRBJ1	IMGT_CDR3	IN
159			T	TRBV1		TRBJ1								CASSFREVDQPQHF	5	T	F	TRBV1	TRBJ1	IMGT_CDR3	IN
160			T	TRBV1		TRBJ1								CASSWTGGSEAFF	5	T	F	TRBV1	TRBJ1	IMGT_CDR3	IN
161			T	TRBV1		TRBJ1								CASSEFLGGNEQFF	5	T	F	TRBV1	TRBJ1	IMGT_CDR3	IN
162			T	TRBV1		TRBJ1								CASSSSGAASETQYF	5	T	F	TRBV1	TRBJ1	IMGT_CDR3	IN
163			T	TRBV1		TRBJ1								CATRLGRLLSNQPQHF	5	T	F	TRBV1	TRBJ1	IMGT_CDR3	IN
164			T	TRBV1		TRBJ1								CASSSPGTAGITEAFF	5	T	F	TRBV1	TRBJ1	IMGT_CDR3	IN
165			T	TRBV1		TRBJ1								CASSVGLRGCRSPLHF	5	T	F	TRBV1	TRBJ1	IMGT_CDR3	IN
166			T	TRBV1		TRBJ1								CASSLDRDQRGGPAHF	5	T	F	TRBV1	TRBJ1	IMGT_CDR3	IN
167			T	TRBV1		TRBJ1								CASSQGRTSGKATDTQYF	5	T	F	TRBV1	TRBJ1	IMGT_CDR3	IN
168			T	TRBV1		TRBJ1								CGVGQETQYF	5	T	F	TRBV1	TRBJ1	IMGT_CDR3	IN
169			T	TRBV1		TRBJ1								CASSRRGTNSGNTIYF	5	T	F	TRBV1	TRBJ1	IMGT_CDR3	IN
170			T	TRBV1		TRBJ1								CSADIWAYNSPLHF	5	T	F	TRBV1	TRBJ1	IMGT_CDR3	IN
171			T	TRBV1		TRBJ1								CASSQARSYNSPLHF	5	T	F	TRBV1	TRBJ1	IMGT_CDR3	IN
172			T	TRBV1		TRBJ1								CATRGYNEQFF	5	T	F	TRBV1	TRBJ1	IMGT_CDR3	IN
173			T	TRBV1		TRBJ1								CASSLYRGNEKLFF	5	T	F	TRBV1	TRBJ1	IMGT_CDR3	IN
174			T	TRBV1		TRBJ1								CASSESRGAAKNIQYF	5	T	F	TRBV1	TRBJ1	IMGT_CDR3	IN
175			T	TRBV1		TRBJ1								CASSATSWETQYF	5	T	F	TRBV1	TRBJ1	IMGT_CDR3	IN
176			T	TRBV1		TRBJ1								CASSVDPVNIQYF	5	T	F	TRBV1	TRBJ1	IMGT_CDR3	IN
177			T	TRBV1		TRBJ1								CSASANMAGKLPSGNTIYF	5	T	F	TRBV1	TRBJ1	IMGT_CDR3	IN
178			T	TRBV1		TRBJ1								CASSEGQPHTEAFF	5	T	F	TRBV1	TRBJ1	IMGT_CDR3	IN
179			T	TRBV1		TRBJ1								CASSLWGVGNYGYTF	5	T	F	TRBV1	TRBJ1	IMGT_CDR3	IN
180			T	TRBV1		TRBJ1								CASSVGQGTEAFF	5	T	F	TRBV1	TRBJ1	IMGT_CDR3	IN
181			T	TRBV1		TRBJ1								CASSLSLGNRDKGTDSGANVLTF	5	T	F	TRBV1	TRBJ1	IMGT_CDR3	IN
182			T	TRBV1		TRBJ1								CANRGTDTQYF	5	T	F	TRBV1	TRBJ1	IMGT_CDR3	IN
183			T	TRBV1		TRBJ1								CASSSEDRTSYEQYF	5	T	F	TRBV1	TRBJ1	IMGT_CDR3	IN
184			T	TRBV1		TRBJ1								CSARPTGPYEQYF	5	T	F	TRBV1	TRBJ1	IMGT_CDR3	IN
185			T	TRBV1		TRBJ1								CASSPHQGGILTEAFF	5	T	F	TRBV1	TRBJ1	IMGT_CDR3	IN
186			T	TRBV1		TRBJ1								CATSDGRTGGYKNIQYF	5	T	F	TRBV1	TRBJ1	IMGT_CDR3	IN
187			T	TRBV1		TRBJ1								CASIPRGRRSSGDTQYF	5	T	F	TRBV1	TRBJ1	IMGT_CDR3	IN
188			T	TRBV1		TRBJ1								CASRDMAEQYF	5	T	F	TRBV1	TRBJ1	IMGT_CDR3	IN
189			T	TRBV1		TRBJ1								CARPGGGKGPLHF	5	T	F	TRBV1	TRBJ1	IMGT_CDR3	IN
190			T	TRBV1		TRBJ1								CASSPPVRRAGTEAFF	5	T	F	TRBV1	TRBJ1	IMGT_CDR3	IN
191			T	TRBV1		TRBJ1								CSVDYPAPNPRGWTSNQPQHF	5	T	F	TRBV1	TRBJ1	IMGT_CDR3	IN
192			T	TRBV1		TRBJ1								CAISPKGQLYEQYF	5	T	F	TRBV1	TRBJ1	IMGT_CDR3	IN
193			T	TRBV1		TRBJ1								CASSFWGGVLYEQYF	5	T	F	TRBV1	TRBJ1	IMGT_CDR3	IN
194			T	TRBV1		TRBJ1								CASSSRSPGRNSTDTQYF	5	T	F	TRBV1	TRBJ1	IMGT_CDR3	IN
195			T	TRBV1		TRBJ1								CSARDTPPRQDEQYF	5	T	F	TRBV1	TRBJ1	IMGT_CDR3	IN
196			T	TRBV1		TRBJ1								CASRGRKNIQYF	5	T	F	TRBV1	TRBJ1	IMGT_CDR3	IN
197			T	TRBV1		TRBJ1								CASSKGRQPQHF	5	T	F	TRBV1	TRBJ1	IMGT_CDR3	IN
198			T	TRBV1		TRBJ1								CASSYGGVDNEQFF	5	T	F	TRBV1	TRBJ1	IMGT_CDR3	IN
199			T	TRBV1		TRBJ1								CASSLGVLGCPTDTQYF	5	T	F	TRBV1	TRBJ1	IMGT_CDR3	IN
200			T	TRBV1		TRBJ1								CMPRRTEAFF	5	T	F	TRBV1	TRBJ1	IMGT_CDR3	IN
201			T	TRBV1		TRBJ1								CASSSQDTGELFF	5	T	F	TRBV1	TRBJ1	IMGT_CDR3	IN
202			T	TRBV1		TRBJ1								CASSLAWTVGEQFF	5	T	F	TRBV1	TRBJ1	IMGT_CDR3	IN
203			T	TRBV1		TRBJ1								CASSWMEALTDSVNSNQPQHF	5	T	F	TRBV1	TRBJ1	IMGT_CDR3	IN
204			T	TRBV1		TRBJ1								CASSLVSQGEGNLNTEAFF	5	T	F	TRBV1	TRBJ1	IMGT_CDR3	IN
205			T	TRBV1		TRBJ1								CASRTGAPSYEQYF	5	T	F	TRBV1	TRBJ1	IMGT_CDR3	IN
206			T	TRBV1		TRBJ1								CSVLKDLGTDTQYF	5	T	F	TRBV1	TRBJ1	IMGT_CDR3	IN
207			T	TRBV1		TRBJ1								CASSLHPGLAGDDQPQHF	5	T	F	TRBV1	TRBJ1	IMGT_CDR3	IN
208			T	TRBV1		TRBJ1								CASSAKNGQDNYSGNTIYF	5	T	F	TRBV1	TRBJ1	IMGT_CDR3	IN
209			T	TRBV1		TRBJ1								CAISEFADGENTIYF	5	T	F	TRBV1	TRBJ1	IMGT_CDR3	IN
210			T	TRBV1		TRBJ1								CASRWGGNTGELFF	5	T	F	TRBV1	TRBJ1	IMGT_CDR3	IN
211			T	TRBV1		TRBJ1								CASSLEGASSSYNEQFF	5	T	F	TRBV1	TRBJ1	IMGT_CDR3	IN
212			T	TRBV1		TRBJ1								CASSQQKIPDTQYF	5	T	F	TRBV1	TRBJ1	IMGT_CDR3	IN
213			T	TRBV1		TRBJ1								CASSPREAYEQYF	5	T	F	TRBV1	TRBJ1	IMGT_CDR3	IN
214			T	TRBV1		TRBJ1								CASSLPDWRDYGYTF	5	T	F	TRBV1	TRBJ1	IMGT_CDR3	IN
215			T	TRBV1		TRBJ1								CASSQATPGRTNEKLFF	5	T	F	TRBV1	TRBJ1	IMGT_CDR3	IN
216			T	TRBV1		TRBJ1								CASSGRGERLGELFF	5	T	F	TRBV1	TRBJ1	IMGT_CDR3	IN
217			T	TRBV1		TRBJ1								CASSLEEGRVEQYF	5	T	F	TRBV1	TRBJ1	IMGT_CDR3	IN
218			T	TRBV1		TRBJ1								CASSMAGHGPGQGGYEQYF	5	T	F	TRBV1	TRBJ1	IMGT_CDR3	IN
219			T	TRBV1		TRBJ1								CASSWGTAYEQYF	5	T	F	TRBV1	TRBJ1	IMGT_CDR3	IN
220			T	TRBV1		TRBJ1								CASRGAGGPADEQFF	5	T	F	TRBV1	TRBJ1	IMGT_CDR3	IN
221			T	TRBV1		TRBJ1								CASSPTFGWDNVYSNQPQHF	5	T	F	TRBV1	TRBJ1	IMGT_CDR3	IN
222			T	TRBV1		TRBJ1								CASSPGQTAAFF	5	T	F	TRBV1	TRBJ1	IMGT_CDR3	IN
223			T	TRBV1		TRBJ1								CAIRPDRCPGNTIYF	5	T	F	TRBV1	TRBJ1	IMGT_CDR3	IN
224			T	TRBV1		TRBJ1								CAPCRGLRADTQYF	5	T	F	TRBV1	TRBJ1	IMGT_CDR3	IN
225			T	TRBV1		TRBJ1								CASSPGAASTDTQYF	5	T	F	TRBV1	TRBJ1	IMGT_CDR3	IN
226			T	TRBV1		TRBJ1								CASTRGVRTSYNSPLHF	5	T	F	TRBV1	TRBJ1	IMGT_CDR3	IN
227			T	TRBV1		TRBJ1								CASSFTPGQGPTYEQYF	5	T	F	TRBV1	TRBJ1	IMGT_CDR3	IN
228			T	TRBV1		TRBJ1								CASSFRLNNEQFF	5	T	F	TRBV1	TRBJ1	IMGT_CDR3	IN
229			T	TRBV1		TRBJ1								CASNGEYEQYF	5	T	F	TRBV1	TRBJ1	IMGT_CDR3	IN
230			T	TRBV1		TRBJ1								CASSGFVRITYGYTF	5	T	F	TRBV1	TRBJ1	IMGT_CDR3	IN
231			T	TRBV1		TRBJ1								CASSEDLLGFHTEAFF	5	T	F	TRBV1	TRBJ1	IMGT_CDR3	IN
232			T	TRBV1		TRBJ1								CASSSSSGGFSWVDEQFF	5	T	F	TRBV1	TRBJ1	IMGT_CDR3	IN
233			T	TRBV1		TRBJ1								CASSGTGQSPLHF	5	T	F	TRBV1	TRBJ1	IMGT_CDR3	IN
234			T	TRBV1		TRBJ1								CASSPTGGVKNIQYF	5	T	F	TRBV1	TRBJ1	IMGT_CDR3	IN
235			T	TRBV1		TRBJ1								CSARANERGLTEAFF	5	T	F	TRBV1	TRBJ1	IMGT_CDR3	IN
236			T	TRBV1		TRBJ1								CASRVVNEQFF	5	T	F	TRBV1	TRBJ1	IMGT_CDR3	IN
237			T	TRBV1		TRBJ1								CSARESANQRTGVGENNSPLHF	5	T	F	TRBV1	TRBJ1	IMGT_CDR3	IN
238			T	TRBV1		TRBJ1								CASSGLARPRSGNTIYF	5	T	F	TRBV1	TRBJ1	IMGT_CDR3	IN
239			T	TRBV1		TRBJ1								CAIPPRISGYGYTF	5	T	F	TRBV1	TRBJ1	IMGT_CDR3	IN
240			T	TRBV1		TRBJ1								CASSQGWASGNTIYF	5	T	F	TRBV1	TRBJ1	IMGT_CDR3	IN
241			T	TRBV1		TRBJ1								CASSGRRRQGRYTF	5	T	F	TRBV1	TRBJ1	IMGT_CDR3	IN
242			T	TRBV1		TRBJ1								CASSPAWAQGGAYNSPLHF	5	T	F	TRBV1	TRBJ1	IMGT_CDR3	IN
243			T	TRBV1		TRBJ1								CASSYKLAGDYEQYF	5	T	F	TRBV1	TRBJ1	IMGT_CDR3	IN
244			T	TRBV1		TRBJ1								CASSYMVPLILSYEQYF	5	T	F	TRBV1	TRBJ1	IMGT_CDR3	IN
245			T	TRBV1		TRBJ1								CASSPQGFYEQYF	5	T	F	TRBV1	TRBJ1	IMGT_CDR3	IN
246			T	TRBV1		TRBJ1								CASSQDTIDNTEAFF	5	T	F	TRBV1	TRBJ1	IMGT_CDR3	IN
247			T	TRBV1		TRBJ1								CASRKILAGGQETQYF	5	T	F	TRBV1	TRBJ1	IMGT_CDR3	IN
248			T	TRBV1		TRBJ1								CARTLAGWELFF	5	T	F	TRBV1	TRBJ1	IMGT_CDR3	IN
249			T	TRBV1		TRBJ1								CASTESDRVMPQHF	5	T	F	TRBV1	TRBJ1	IMGT_CDR3	IN
250			T	TRBV1		TRBJ1								CASSFRIATGGVGDEQYF	5	T	F	TRBV1	TRBJ1	IMGT_CDR3	IN
251			T	TRBV1		TRBJ1								CASKCGTESTEAFF	5	T	F	TRBV1	TRBJ1	IMGT_CDR3	IN
252			T	TRBV1		TRBJ1								CSVEKSGGCRKNIQYF	5	T	F	TRBV1	TRBJ1	IMGT_CDR3	IN
253			T	TRBV1		TRBJ1								CASSWTVGYEQYF	5	T	F	TRBV1	TRBJ1	IMGT_CDR3	IN
254			T	TRBV1		TRBJ1								CATSDLGGNRQETQYF	5	T	F	TRBV1	TRBJ1	IMGT_CDR3	IN
255			T	TRBV1		TRBJ1								CASRGGADTQYF	5	T	F	TRBV1	TRBJ1	IMGT_CDR3	IN
256			T	TRBV1		TRBJ1								CAPQGIHYEQYF	5	T	F	TRBV1	TRBJ1	IMGT_CDR3	IN
257			T	TRBV1		TRBJ1								CASSNRAKNIQYF	5	T	F	TRBV1	TRBJ1	IMGT_CDR3	IN
258			T	TRBV1		TRBJ1								CASSQQGDQPQHF	5	T	F	TRBV1	TRBJ1	IMGT_CDR3	IN
259			T	TRBV1		TRBJ1								CASSGDPNEKLFF	5	T	F	TRBV1	TRBJ1	IMGT_CDR3	IN
260			T	TRBV1		TRBJ1								CASSRHGELFF	5	T	F	TRBV1	TRBJ1	IMGT_CDR3	IN
261			T	TRBV1		TRBJ1								CATSDLELGQKPYEQYF	5	T	F	TRBV1	TRBJ1	IMGT_CDR3	IN
262			T	TRBV1		TRBJ1								CASSQGYGYEQYF	5	T	F	TRBV1	TRBJ1	IMGT_CDR3	IN
263			T	TRBV1		TRBJ1								CSARDYNRQGGPRGAENTEAFF	5	T	F	TRBV1	TRBJ1	IMGT_CDR3	IN
264			T	TRBV1		TRBJ1								CASSQDRFRGLQPQHF	5	T	F	TRBV1	TRBJ1	IMGT_CDR3	IN
265			T	TRBV1		TRBJ1								CASSLPGRRVPAYEQYF	5	T	F	TRBV1	TRBJ1	IMGT_CDR3	IN
266			T	TRBV1		TRBJ1								CASSFWLVYNSPLHF	5	T	F	TRBV1	TRBJ1	IMGT_CDR3	IN
267			T	TRBV1		TRBJ1								CASSHPPGTKSSEAFF	5	T	F	TRBV1	TRBJ1	IMGT_CDR3	IN
268			T	TRBV1		TRBJ1								CSAGPSYGYTF	5	T	F	TRBV1	TRBJ1	IMGT_CDR3	IN
269			T	TRBV1		TRBJ1								CASSPALRQGDWAFF	5	T	F	TRBV1	TRBJ1	IMGT_CDR3	IN
270			T	TRBV1		TRBJ1								CTFRVGVPGHYEQYF	5	T	F	TRBV1	TRBJ1	IMGT_CDR3	IN
271			T	TRBV1		TRBJ1								CASSYGGRKYEQYF	5	T	F	TRBV1	TRBJ1	IMGT_CDR3	IN
272			T	TRBV1		TRBJ1								CASSPGTNRNEQFF	5	T	F	TRBV1	TRBJ1	IMGT_CDR3	IN
273			T	TRBV1		TRBJ1								CASSRDRTHREQYF	5	T	F	TRBV1	TRBJ1	IMGT_CDR3	IN
274			T	TRBV1		TRBJ1								CATSDYGAKQETQYF	5	T	F	TRBV1	TRBJ1	IMGT_CDR3	IN
275			T	TRBV1		TRBJ1								CASRTERAGQTEAFF	5	T	F	TRBV1	TRBJ1	IMGT_CDR3	IN
276			T	TRBV1		TRBJ1								CAKRSVSETYEQYF	5	T	F	TRBV1	TRBJ1	IMGT_CDR3	IN
277			T	TRBV1		TRBJ1								CASRATSGELYF	5	T	F	TRBV1	TRBJ1	IMGT_CDR3	IN
278			T	TRBV1		TRBJ1								CASSPPAIDYRLFTEAFF	5	T	F	TRBV1	TRBJ1	IMGT_CDR3	IN
279			T	TRBV1		TRBJ1								CASSQLTGTGGSGANVLTF	5	T	F	TRBV1	TRBJ1	IMGT_CDR3	IN
280			T	TRBV1		TRBJ1								CASSSCSSYEQYF	5	T	F	TRBV1	TRBJ1	IMGT_CDR3	IN
281			T	TRBV1		TRBJ1								CASGLSNRAEAFF	5	T	F	TRBV1	TRBJ1	IMGT_CDR3	IN
282			T	TRBV1		TRBJ1								CASSQDMGTGETYEQYF	5	T	F	TRBV1	TRBJ1	IMGT_CDR3	IN
283			T	TRBV1		TRBJ1								CASSFGRVETQYF	5	T	F	TRBV1	TRBJ1	IMGT_CDR3	IN
284			T	TRBV1		TRBJ1								CSMTRDEQYF	5	T	F	TRBV1	TRBJ1	IMGT_CDR3	IN
285			T	TRBV1		TRBJ1								CASSPRQGYEQYF	5	T	F	TRBV1	TRBJ1	IMGT_CDR3	IN
286			T	TRBV1		TRBJ1								CSVDPTEGNQPQHF	5	T	F	TRBV1	TRBJ1	IMGT_CDR3	IN
287			T	TRBV1		TRBJ1								CASSAVGGAPETQYF	5	T	F	TRBV1	TRBJ1	IMGT_CDR3	IN
288			T	TRBV1		TRBJ1								CASINRGDDQPQHF	5	T	F	TRBV1	TRBJ1	IMGT_CDR3	IN
289			T	TRBV1		TRBJ1								CASRVARNRRCFEQFF	5	T	F	TRBV1	TRBJ1	IMGT_CDR3	IN
290			T	TRBV1		TRBJ1								CASIQTGLAGGTGRDTQYF	5	T	F	TRBV1	TRBJ1	IMGT_CDR3	IN
291			T	TRBV1		TRBJ1								CASSLLNEITDTQYF	5	T	F	TRBV1	TRBJ1	IMGT_CDR3	IN
292			T	TRBV1		TRBJ1								CASSDTLSVSPLHF	5	T	F	TRBV1	TRBJ1	IMGT_CDR3	IN
293			T	TRBV1		TRBJ1								CASSKGGQGYDNQPQHF	5	T	F	TRBV1	TRBJ1	IMGT_CDR3	IN
294			T	TRBV1		TRBJ1								CAEGRGLSITEAFF	5	T	F	TRBV1	TRBJ1	IMGT_CDR3	IN
295			T	TRBV1		TRBJ1								CASSIPKDRGATNEKLFF	5	T	F	TRBV1	TRBJ1	IMGT_CDR3	IN
296			T	TRBV1		TRBJ1								CASSVSFGDAWEKLFF	5	T	F	TRBV1	TRBJ1	IMGT_CDR3	IN
297			T	TRBV1		TRBJ1								CASSCDRDQETQYF	5	T	F	TRBV1	TRBJ1	IMGT_CDR3	IN
298			T	TRBV1		TRBJ1								CASSEGAEYF	5	T	F	TRBV1	TRBJ1	IMGT_CDR3	IN
299			T	TRBV1		TRBJ1								CASWRRDTQYF	5	T	F	TRBV1	TRBJ1	IMGT_CDR3	IN
300			T	TRBV1		TRBJ1								CASWWTGVMVPYEQYF	5	T	F	TRBV1	TRBJ1	IMGT_CDR3	IN
301			T	TRBV1		TRBJ1								CASSRGDYEQYF	5	T	F	TRBV1	TRBJ1	IMGT_CDR3	IN
302			T	TRBV1		TRBJ1								CASSSKGGGELFF	5	T	F	TRBV1	TRBJ1	IMGT_CDR3	IN
303			T	TRBV1		TRBJ1								CASSSLGAGDEQYF	5	T	F	TRBV1	TRBJ1	IMGT_CDR3	IN
304			T	TRBV1		TRBJ1								CASSYSPQTNGRSEAFF	5	T	F	TRBV1	TRBJ1	IMGT_CDR3	IN
305			T	TRBV1		TRBJ1								CASSLWPGGRGLFF	5	T	F	TRBV1	TRBJ1	IMGT_CDR3	IN
306			T	TRBV1		TRBJ1								CASSLVGTSGLHTQYF	5	T	F	TRBV1	TRBJ1	IMGT_CDR3	IN
307			T	TRBV1		TRBJ1								CAWSVNQGPGQGETEAFF	5	T	F	TRBV1	TRBJ1	IMGT_CDR3	IN
308			T	TRBV1		TRBJ1								CASSLRQGAGSGANVLTF	5	T	F	TRBV1	TRBJ1	IMGT_CDR3	IN
309			T	TRBV1		TRBJ1								CAISKGRGYEQYF	5	T	F	TRBV1	TRBJ1	IMGT_CDR3	IN
310			T	TRBV1		TRBJ1								CASSGLAGGPLLPYF	5	T	F	TRBV1	TRBJ1	IMGT_CDR3	IN
311			T	TRBV1		TRBJ1								CSARDRKPLSGKSGQNSGNTIYF	5	T	F	TRBV1	TRBJ1	IMGT_CDR3	IN
312			T	TRBV1		TRBJ1								CAGPSAGTAVREQYF	5	T	F	TRBV1	TRBJ1	IMGT_CDR3	IN
313			T	TRBV1		TRBJ1								CATSDFGTGGNTEAFF	5	T	F	TRBV1	TRBJ1	IMGT_CDR3	IN
314			T	TRBV1		TRBJ1								CASSLPEDETQYF	5	T	F	TRBV1	TRBJ1	IMGT_CDR3	IN
315			T	TRBV1		TRBJ1								CASRPEGTGNTIYF	5	T	F	TRBV1	TRBJ1	IMGT_CDR3	IN
316			T	TRBV1		TRBJ1								CASTPGPMAYEQYF	5	T	F	TRBV1	TRBJ1	IMGT_CDR3	IN
317			T	TRBV1		TRBJ1								CASSLPDNIRGSSYNEQFF	5	T	F	TRBV1	TRBJ1	IMGT_CDR3	IN
318			T	TRBV1		TRBJ1								CASSFAPGQGAGEWEGKNIQYF	5	T	F	TRBV1	TRBJ1	IMGT_CDR3	IN
319			T	TRBV1		TRBJ1								CASSTGTGTDREPEAFF	5	T	F	TRBV1	TRBJ1	IMGT_CDR3	IN
320			T	TRBV1		TRBJ1								CSVGGGEFSDTQYF	5	T	F	TRBV1	TRBJ1	IMGT_CDR3	IN
321			T	TRBV1		TRBJ1								CASSLKAEGETQYF	5	T	F	TRBV1	TRBJ1	IMGT_CDR3	IN
322			T	TRBV1		TRBJ1								CASRTGYETQYF	5	T	F	TRBV1	TRBJ1	IMGT_CDR3	IN
323			T	TRBV1		TRBJ1								CASSVEPGNGTVRTGNTIYF	5	T	F	TRBV1	TRBJ1	IMGT_CDR3	IN
324			T	TRBV1		TRBJ1								CATSRDRQENTF	5	T	F	TRBV1	TRBJ1	IMGT_CDR3	IN
325			T	TRBV1		TRBJ1								CASSFPLLRTDYGYTF	5	T	F	TRBV1	TRBJ1	IMGT_CDR3	IN
326			T	TRBV1		TRBJ1								CASLGLGGLVNTEAFF	5	T	F	TRBV1	TRBJ1	IMGT_CDR3	IN
327			T	TRBV1		TRBJ1								CASSEVSGPAYEQYF	5	T	F	TRBV1	TRBJ1	IMGT_CDR3	IN
328			T	TRBV1		TRBJ1								CSGRRSRTNSTDTQYF	5	T	F	TRBV1	TRBJ1	IMGT_CDR3	IN
329			T	TRBV1		TRBJ1								CSARVQGESNQPQHF	5	T	F	TRBV1	TRBJ1	IMGT_CDR3	IN
330			T	TRBV1		TRBJ1								CASPSGGRYEQYF	5	T	F	TRBV1	TRBJ1	IMGT_CDR3	IN
331			T	TRBV1		TRBJ1								CASSHFSWTAGVPYNEQFF	5	T	F	TRBV1	TRBJ1	IMGT_CDR3	IN
332			T	TRBV1		TRBJ1								CAYLRAEAFF	5	T	F	TRBV1	TRBJ1	IMGT_CDR3	IN
333			T	TRBV1		TRBJ1								CASSLGQIHTEAFF	5	T	F	TRBV1	TRBJ1	IMGT_CDR3	IN
334			T	TRBV1		TRBJ1								CASRNETGAGNTEAFF	5	T	F	TRBV1	TRBJ1	IMGT_CDR3	IN
335			T	TRBV1		TRBJ1								CASSQESQPGQVGQEQYF	5	T	F	TRBV1	TRBJ1	IMGT_CDR3	IN
336			T	TRBV1		TRBJ1								CASSLVVELASSGANVLTF	5	T	F	TRBV1	TRBJ1	IMGT_CDR3	IN
337			T	TRBV1		TRBJ1								CASRRKNGLAGQRYEQYF	5	T	F	TRBV1	TRBJ1	IMGT_CDR3	IN
338			T	TRBV1		TRBJ1								CARGAGNQPQHF	5	T	F	TRBV1	TRBJ1	IMGT_CDR3	IN
339			T	TRBV1		TRBJ1								CASSRGTSGFYNEQFF	5	T	F	TRBV1	TRBJ1	IMGT_CDR3	IN
340			T	TRBV1		TRBJ1								CASSYMLKMLEQFF	5	T	F	TRBV1	TRBJ1	IMGT_CDR3	IN
341			T	TRBV1		TRBJ1								CAISTRRAEKLFF	5	T	F	TRBV1	TRBJ1	IMGT_CDR3	IN
342			T	TRBV1		TRBJ1								CAPGGTETQYF	5	T	F	TRBV1	TRBJ1	IMGT_CDR3	IN
343			T	TRBV1		TRBJ1								CARAGLADYGYTF	5	T	F	TRBV1	TRBJ1	IMGT_CDR3	IN
344			T	TRBV1		TRBJ1								CATIFRAGRGSSPLHF	5	T	F	TRBV1	TRBJ1	IMGT_CDR3	IN
345			T	TRBV1		TRBJ1								CASSFVDYNSPLHF	5	T	F	TRBV1	TRBJ1	IMGT_CDR3	IN
346			T	TRBV1		TRBJ1								CSVDFLPETQYF	5	T	F	TRBV1	TRBJ1	IMGT_CDR3	IN
347			T	TRBV1		TRBJ1								CASSRDISNTGELFF	5	T	F	TRBV1	TRBJ1	IMGT_CDR3	IN
348			T	TRBV1		TRBJ1								CAIQSGRELFF	5	T	F	TRBV1	TRBJ1	IMGT_CDR3	IN
349			T	TRBV1		TRBJ1								CASSLGRRRENTEAFF	5	T	F	TRBV1	TRBJ1	IMGT_CDR3	IN
350			T	TRBV1		TRBJ1								CASRQGYEQYF	5	T	F	TRBV1	TRBJ1	IMGT_CDR3	IN
351			T	TRBV1		TRBJ1								CASSSEKGQDEQYF	5	T	F	TRBV1	TRBJ1	IMGT_CDR3	IN
352			T	TRBV1		TRBJ1								CASSFRDPGQGYGYTF	5	T	F	TRBV1	TRBJ1	IMGT_CDR3	IN
353			T	TRBV1		TRBJ1								CASSRWGGNSYNEQFF	5	T	F	TRBV1	TRBJ1	IMGT_CDR3	IN
354			T	TRBV1		TRBJ1								CASRSPDRGPYEQFF	5	T	F	TRBV1	TRBJ1	IMGT_CDR3	IN
355			T	TRBV1		TRBJ1								CASSLVTGYRNYGYTF	5	T	F	TRBV1	TRBJ1	IMGT_CDR3	IN
356			T	TRBV1		TRBJ1								CSAYTSGRNETQYF	5	T	F	TRBV1	TRBJ1	IMGT_CDR3	IN
357			T	TRBV1		TRBJ1								CASTREGSSYEQYF	5	T	F	TRBV1	TRBJ1	IMGT_CDR3	IN
358			T	TRBV1		TRBJ1								CASSGTFGLAVNNEQFF	5	T	F	TRBV1	TRBJ1	IMGT_CDR3	IN
359			T	TRBV1		TRBJ1								CASRLVGTGELFF	5	T	F	TRBV1	TRBJ1	IMGT_CDR3	IN
360			T	TRBV1		TRBJ1								CATSRDRWNTEAFF	5	T	F	TRBV1	TRBJ1	IMGT_CDR3	IN
361			T	TRBV1		TRBJ1								CASSQECSSGSHVKKSYEQYF	5	T	F	TRBV1	TRBJ1	IMGT_CDR3	IN
362			T	TRBV1		TRBJ1								CASSLSPPLSSNTGELFF	5	T	F	TRBV1	TRBJ1	IMGT_CDR3	IN
363			T	TRBV1		TRBJ1								CASSDPKGLEQFF	5	T	F	TRBV1	TRBJ1	IMGT_CDR3	IN
364			T	TRBV1		TRBJ1								CSASSRDRERPQHF	5	T	F	TRBV1	TRBJ1	IMGT_CDR3	IN
365			T	TRBV1		TRBJ1								CASSYSAGGPPYSNQPQHF	5	T	F	TRBV1	TRBJ1	IMGT_CDR3	IN
366			T	TRBV1		TRBJ1								CASSQGDRYGYTF	5	T	F	TRBV1	TRBJ1	IMGT_CDR3	IN
367			T	TRBV1		TRBJ1								CSASLAGAENEQFF	5	T	F	TRBV1	TRBJ1	IMGT_CDR3	IN
368			T	TRBV1		TRBJ1								CASSFTEREDYGYTF	5	T	F	TRBV1	TRBJ1	IMGT_CDR3	IN
369			T	TRBV1		TRBJ1								CSASEAGRVPYGYTF	5	T	F	TRBV1	TRBJ1	IMGT_CDR3	IN
370			T	TRBV1		TRBJ1								CATSDFIGQGPFRGREPYEQYF	5	T	F	TRBV1	TRBJ1	IMGT_CDR3	IN
371			T	TRBV1		TRBJ1								CASSLLPQGEKLFF	5	T	F	TRBV1	TRBJ1	IMGT_CDR3	IN
372			T	TRBV1		TRBJ1								CASSDVESGQGGAQPQHF	5	T	F	TRBV1	TRBJ1	IMGT_CDR3	IN
373			T	TRBV1		TRBJ1								CASPNDRGSAEASYEQYF	5	T	F	TRBV1	TRBJ1	IMGT_CDR3	IN
374			T	TRBV1		TRBJ1								CASSFDLPRQSTDTQYF	5	T	F	TRBV1	TRBJ1	IMGT_CDR3	IN
375			T	TRBV1		TRBJ1								CASSLEEDEQYF	5	T	F	TRBV1	TRBJ1	IMGT_CDR3	IN
376			T	TRBV1		TRBJ1								CASRSGMVRYEQYF	5	T	F	TRBV1	TRBJ1	IMGT_CDR3	IN
377			T	TRBV1		TRBJ1								CASGEVPDRGDEQYF	5	T	F	TRBV1	TRBJ1	IMGT_CDR3	IN
378			T	TRBV1		TRBJ1								CAISESCNHPYEQYF	5	T	F	TRBV1	TRBJ1	IMGT_CDR3	IN
379			T	TRBV1		TRBJ1								CATSEVRNTGELFF	5	T	F	TRBV1	TRBJ1	IMGT_CDR3	IN
380			T	TRBV1		TRBJ1								CASSQDTDGVPPMNTEAFF	5	T	F	TRBV1	TRBJ1	IMGT_CDR3	IN
381			T	TRBV1		TRBJ1								CASSSKGGTLNTEAFF	5	T	F	TRBV1	TRBJ1	IMGT_CDR3	IN
382			T	TRBV1		TRBJ1								CASSGDSPTEAFF	5	T	F	TRBV1	TRBJ1	IMGT_CDR3	IN
383			T	TRBV1		TRBJ1								CASKEQGPGTDTQYF	5	T	F	TRBV1	TRBJ1	IMGT_CDR3	IN
384			T	TRBV1		TRBJ1								CASGSKRRGYEQYF	5	T	F	TRBV1	TRBJ1	IMGT_CDR3	IN
385			T	TRBV1		TRBJ1								CASSPRGRIRTDTQYF	5	T	F	TRBV1	TRBJ1	IMGT_CDR3	IN
386			T	TRBV1		TRBJ1								CASRRGVYFTQPQHF	5	T	F	TRBV1	TRBJ1	IMGT_CDR3	IN
387			T	TRBV1		TRBJ1								CAEFEDKFRAGNYGYTF	5	T	F	TRBV1	TRBJ1	IMGT_CDR3	IN
388			T	TRBV1		TRBJ1								CAWPAGRSYEQYF	5	T	F	TRBV1	TRBJ1	IMGT_CDR3	IN
389			T	TRBV1		TRBJ1								CASSPTGDVESEQETQYF	5	T	F	TRBV1	TRBJ1	IMGT_CDR3	IN
390			T	TRBV1		TRBJ1								CATSVPPRGPRGGNQPQHF	5	T	F	TRBV1	TRBJ1	IMGT_CDR3	IN
391			T	TRBV1		TRBJ1								CATGWGGVQETQYF	5	T	F	TRBV1	TRBJ1	IMGT_CDR3	IN
392			T	TRBV1		TRBJ1								CSARLALRDLYGYTF	5	T	F	TRBV1	TRBJ1	IMGT_CDR3	IN
393			T	TRBV1		TRBJ1								CASSLTGRNYGYTF	5	T	F	TRBV1	TRBJ1	IMGT_CDR3	IN
394			T	TRBV1		TRBJ1								CASSEAASGKTYEQYF	5	T	F	TRBV1	TRBJ1	IMGT_CDR3	IN
395			T	TRBV1		TRBJ1								CASSHGTSGHSRTDTQYF	5	T	F	TRBV1	TRBJ1	IMGT_CDR3	IN
396			T	TRBV1		TRBJ1								CASSLKGQGDVETQYF	5	T	F	TRBV1	TRBJ1	IMGT_CDR3	IN
397			T	TRBV1		TRBJ1								CASSAYHEQYF	5	T	F	TRBV1	TRBJ1	IMGT_CDR3	IN
398			T	TRBV1		TRBJ1								CSARAREPSYEQYF	5	T	F	TRBV1	TRBJ1	IMGT_CDR3	IN
399			T	TRBV1		TRBJ1								CSANCKTTGNFSGCINEQFF	5	T	F	TRBV1	TRBJ1	IMGT_CDR3	IN
400			T	TRBV1		TRBJ1								CASSRQGRYVSVKTYEQYF	5	T	F	TRBV1	TRBJ1	IMGT_CDR3	IN
401			T	TRBV1		TRBJ1								CASSDSDRRLGYEQYF	5	T	F	TRBV1	TRBJ1	IMGT_CDR3	IN
402			T	TRBV1		TRBJ1								CASSLACRDREGDTQYF	5	T	F	TRBV1	TRBJ1	IMGT_CDR3	IN
403			T	TRBV1		TRBJ1								CAWKVGHSNEKLFF	5	T	F	TRBV1	TRBJ1	IMGT_CDR3	IN
404			T	TRBV1		TRBJ1								CAISSSMGAVETQYF	5	T	F	TRBV1	TRBJ1	IMGT_CDR3	IN
405			T	TRBV1		TRBJ1								CASSSSGTRIWYEQYF	5	T	F	TRBV1	TRBJ1	IMGT_CDR3	IN
406			T	TRBV1		TRBJ1								CASSLLTAYEQYF	5	T	F	TRBV1	TRBJ1	IMGT_CDR3	IN
407			T	TRBV1		TRBJ1								CASSRQGQYNSPLHF	5	T	F	TRBV1	TRBJ1	IMGT_CDR3	IN
408			T	TRBV1		TRBJ1								CASKSTGVCEKLFF	5	T	F	TRBV1	TRBJ1	IMGT_CDR3	IN
409			T	TRBV1		TRBJ1								CSARLTKEGGRSQPQHF	5	T	F	TRBV1	TRBJ1	IMGT_CDR3	IN
410			T	TRBV1		TRBJ1								CATSRGTGDLNYNEQFF	5	T	F	TRBV1	TRBJ1	IMGT_CDR3	IN
411			T	TRBV1		TRBJ1								CASSLTGQGKAPYGYTF	5	T	F	TRBV1	TRBJ1	IMGT_CDR3	IN
412			T	TRBV1		TRBJ1								CAISDLGGSTEAFF	5	T	F	TRBV1	TRBJ1	IMGT_CDR3	IN
413			T	TRBV1		TRBJ1								CASGCYPGHEQYF	5	T	F	TRBV1	TRBJ1	IMGT_CDR3	IN
414			T	TRBV1		TRBJ1								CASSCRGWGFGELFF	5	T	F	TRBV1	TRBJ1	IMGT_CDR3	IN
415			T	TRBV1		TRBJ1								CASSWTRGSYEQYF	5	T	F	TRBV1	TRBJ1	IMGT_CDR3	IN
416			T	TRBV1		TRBJ1								CASSCSRGPAAFF	5	T	F	TRBV1	TRBJ1	IMGT_CDR3	IN
417			T	TRBV1		TRBJ1								CASSLARTRNTEAFF	5	T	F	TRBV1	TRBJ1	IMGT_CDR3	IN
418			T	TRBV1		TRBJ1								CASVGTGNYQPQHF	5	T	F	TRBV1	TRBJ1	IMGT_CDR3	IN
419			T	TRBV1		TRBJ1								CASRWGPYQPQHF	5	T	F	TRBV1	TRBJ1	IMGT_CDR3	IN
420			T	TRBV1		TRBJ1								CAHRANYGYTF	5	T	F	TRBV1	TRBJ1	IMGT_CDR3	IN
421			T	TRBV1		TRBJ1								CASSQAEEETQYF	5	T	F	TRBV1	TRBJ1	IMGT_CDR3	IN
422			T	TRBV1		TRBJ1								CASSLSPRKGVLLHTEAFF	5	T	F	TRBV1	TRBJ1	IMGT_CDR3	IN
423			T	TRBV1		TRBJ1								CASSLPGDSAVYKEGILFF	5	T	F	TRBV1	TRBJ1	IMGT_CDR3	IN
424			T	TRBV1		TRBJ1								CATSDLNEGSYEQYF	5	T	F	TRBV1	TRBJ1	IMGT_CDR3	IN
425			T	TRBV1		TRBJ1								CASSITGTILATNEKLFF	5	T	F	TRBV1	TRBJ1	IMGT_CDR3	IN
426			T	TRBV1		TRBJ1								CASSGAHTDTQYF	5	T	F	TRBV1	TRBJ1	IMGT_CDR3	IN
427			T	TRBV1		TRBJ1								CASSYEAGHSGNTIYF	5	T	F	TRBV1	TRBJ1	IMGT_CDR3	IN
428			T	TRBV1		TRBJ1								CASSPSPDRAYNEQFF	5	T	F	TRBV1	TRBJ1	IMGT_CDR3	IN
429			T	TRBV1		TRBJ1								CASSFRRGNQPQHF	5	T	F	TRBV1	TRBJ1	IMGT_CDR3	IN
430			T	TRBV1		TRBJ1								CANMKGRGSYNSPLHF	5	T	F	TRBV1	TRBJ1	IMGT_CDR3	IN
431			T	TRBV1		TRBJ1								CQKEVEPNTEAFF	5	T	F	TRBV1	TRBJ1	IMGT_CDR3	IN
432			T	TRBV1		TRBJ1								CASSWTRGYNEQFF	5	T	F	TRBV1	TRBJ1	IMGT_CDR3	IN
433			T	TRBV1		TRBJ1								CASSDSEQQGRDSGANVLTF	5	T	F	TRBV1	TRBJ1	IMGT_CDR3	IN
434			T	TRBV1		TRBJ1								CASRRARVVNTEAFF	5	T	F	TRBV1	TRBJ1	IMGT_CDR3	IN
435			T	TRBV1		TRBJ1								CASSLERSTEAFF	5	T	F	TRBV1	TRBJ1	IMGT_CDR3	IN
436			T	TRBV1		TRBJ1								CASIVLAGFGTDTQYF	5	T	F	TRBV1	TRBJ1	IMGT_CDR3	IN
437			T	TRBV1		TRBJ1								CASSKTGPYEQYF	5	T	F	TRBV1	TRBJ1	IMGT_CDR3	IN
438			T	TRBV1		TRBJ1								CASRATSGSEQYF	5	T	F	TRBV1	TRBJ1	IMGT_CDR3	IN
439			T	TRBV1		TRBJ1								CASSEREGNEQFF	5	T	F	TRBV1	TRBJ1	IMGT_CDR3	IN
440			T	TRBV1		TRBJ1								CASAPGDRGGSYEQYF	5	T	F	TRBV1	TRBJ1	IMGT_CDR3	IN
441			T	TRBV1		TRBJ1								CASSVLGGQPYEQYF	5	T	F	TRBV1	TRBJ1	IMGT_CDR3	IN
442			T	TRBV1		TRBJ1								CASSEGAGPGQTGANVLTF	5	T	F	TRBV1	TRBJ1	IMGT_CDR3	IN
443			T	TRBV1		TRBJ1								CASSSEGRQGANGYTF	5	T	F	TRBV1	TRBJ1	IMGT_CDR3	IN
444			T	TRBV1		TRBJ1								CASDRVSETQYF	5	T	F	TRBV1	TRBJ1	IMGT_CDR3	IN
445			T	TRBV1		TRBJ1								CASSLWGGGTNEKLFF	5	T	F	TRBV1	TRBJ1	IMGT_CDR3	IN
446			T	TRBV1		TRBJ1								CASSYSSVQGSQETQYF	5	T	F	TRBV1	TRBJ1	IMGT_CDR3	IN
447			T	TRBV1		TRBJ1								CASSLKDRETSSYEQYF	5	T	F	TRBV1	TRBJ1	IMGT_CDR3	IN
448			T	TRBV1		TRBJ1								CASSTVEQYF	5	T	F	TRBV1	TRBJ1	IMGT_CDR3	IN
449			T	TRBV1		TRBJ1								CAWSTINDSYEQYF	5	T	F	TRBV1	TRBJ1	IMGT_CDR3	IN
450			T	TRBV1		TRBJ1								CASRRGYAVRKDQPQHF	5	T	F	TRBV1	TRBJ1	IMGT_CDR3	IN
451			T	TRBV1		TRBJ1								CASSSGGGSLETQYF	5	T	F	TRBV1	TRBJ1	IMGT_CDR3	IN
452			T	TRBV1		TRBJ1								CARSPPWGKSNQPQHF	5	T	F	TRBV1	TRBJ1	IMGT_CDR3	IN
453			T	TRBV1		TRBJ1								CASSDSHGQGVTGANVLTF	5	T	F	TRBV1	TRBJ1	IMGT_CDR3	IN
454			T	TRBV1		TRBJ1								CSARTGLRPYNEQFF	5	T	F	TRBV1	TRBJ1	IMGT_CDR3	IN
455			T	TRBV1		TRBJ1								CASRGPGQPQHF	5	T	F	TRBV1	TRBJ1	IMGT_CDR3	IN
456			T	TRBV1		TRBJ1								CASSESPPLSAAPSTDTQYF	5	T	F	TRBV1	TRBJ1	IMGT_CDR3	IN
457			T	TRBV1		TRBJ1								CSASMFPLMHGYTF	5	T	F	TRBV1	TRBJ1	IMGT_CDR3	IN
458			T	TRBV1		TRBJ1								CARGVFWNTEAFF	5	T	F	TRBV1	TRBJ1	IMGT_CDR3	IN
459			T	TRBV1		TRBJ1								CASSGGGYEQYF	5	T	F	TRBV1	TRBJ1	IMGT_CDR3	IN
460			T	TRBV1		TRBJ1								CAGTSTDTQYF	5	T	F	TRBV1	TRBJ1	IMGT_CDR3	IN
461			T	TRBV1		TRBJ1								CASSRVHLQAEEVQPQHF	5	T	F	TRBV1	TRBJ1	IMGT_CDR3	IN
462			T	TRBV1		TRBJ1								CASSPPRFGFDQPQHF	5	T	F	TRBV1	TRBJ1	IMGT_CDR3	IN
463			T	TRBV1		TRBJ1								CASSVSKGSSTDTQYF	5	T	F	TRBV1	TRBJ1	IMGT_CDR3	IN
464			T	TRBV1		TRBJ1								CSATSGGSTDTQYF	5	T	F	TRBV1	TRBJ1	IMGT_CDR3	IN
465			T	TRBV1		TRBJ1								CASSQDIQHGLAYEQYF	5	T	F	TRBV1	TRBJ1	IMGT_CDR3	IN
466			T	TRBV1		TRBJ1								CSAGGGKGPETQYF	5	T	F	TRBV1	TRBJ1	IMGT_CDR3	IN
467			T	TRBV1		TRBJ1								CASSLRDTDTQYF	5	T	F	TRBV1	TRBJ1	IMGT_CDR3	IN
468			T	TRBV1		TRBJ1								CAIIYILIDNEQFF	5	T	F	TRBV1	TRBJ1	IMGT_CDR3	IN
469			T	TRBV1		TRBJ1								CASTRLYGYTF	5	T	F	TRBV1	TRBJ1	IMGT_CDR3	IN
470			T	TRBV1		TRBJ1								CASSGGQGPFADYGYTF	5	T	F	TRBV1	TRBJ1	IMGT_CDR3	IN
471			T	TRBV1		TRBJ1								CSDAPARRYLTYEQYF	5	T	F	TRBV1	TRBJ1	IMGT_CDR3	IN
472			T	TRBV1		TRBJ1								CASDSHTEAFF	5	T	F	TRBV1	TRBJ1	IMGT_CDR3	IN
473			T	TRBV1		TRBJ1								CASIHPQPQHF	5	T	F	TRBV1	TRBJ1	IMGT_CDR3	IN
474			T	TRBV1		TRBJ1								CSARHRNQPQHF	5	T	F	TRBV1	TRBJ1	IMGT_CDR3	IN
475			T	TRBV1		TRBJ1								CSARDRRQRYEQYF	5	T	F	TRBV1	TRBJ1	IMGT_CDR3	IN
476			T	TRBV1		TRBJ1								CASSQPGQQNTEAFF	5	T	F	TRBV1	TRBJ1	IMGT_CDR3	IN
477			T	TRBV1		TRBJ1								CASKGTVDQPQHF	5	T	F	TRBV1	TRBJ1	IMGT_CDR3	IN
478			T	TRBV1		TRBJ1								CASIRVNEQYF	5	T	F	TRBV1	TRBJ1	IMGT_CDR3	IN
479			T	TRBV1		TRBJ1								CASNFTKGSYNSPLHF	5	T	F	TRBV1	TRBJ1	IMGT_CDR3	IN
480			T	TRBV1		TRBJ1								CASSLGCRWVRGYTF	5	T	F	TRBV1	TRBJ1	IMGT_CDR3	IN
481			T	TRBV1		TRBJ1								CASMIWGPPGYEQYF	5	T	F	TRBV1	TRBJ1	IMGT_CDR3	IN
482			T	TRBV1		TRBJ1								CASSYPGEQYF	5	T	F	TRBV1	TRBJ1	IMGT_CDR3	IN
483			T	TRBV1		TRBJ1								CASRGGSNTGELFF	5	T	F	TRBV1	TRBJ1	IMGT_CDR3	IN
484			T	TRBV1		TRBJ1								CASGFSGTLGSPLHF	5	T	F	TRBV1	TRBJ1	IMGT_CDR3	IN
485			T	TRBV1		TRBJ1								CSAAGGSYNEQFF	5	T	F	TRBV1	TRBJ1	IMGT_CDR3	IN
486			T	TRBV1		TRBJ1								CASSLGGTGRAYEQYF	5	T	F	TRBV1	TRBJ1	IMGT_CDR3	IN
487			T	TRBV1		TRBJ1								CASSLQNGLRTQYF	5	T	F	TRBV1	TRBJ1	IMGT_CDR3	IN
488			T	TRBV1		TRBJ1								CASSPTRQTENTEAFF	5	T	F	TRBV1	TRBJ1	IMGT_CDR3	IN
489			T	TRBV1		TRBJ1								CASSLSGNYYGYTF	5	T	F	TRBV1	TRBJ1	IMGT_CDR3	IN
490			T	TRBV1		TRBJ1								CASSRSWDRGGGELFF	5	T	F	TRBV1	TRBJ1	IMGT_CDR3	IN
491			T	TRBV1		TRBJ1								CASSPRSSNQPQHF	5	T	F	TRBV1	TRBJ1	IMGT_CDR3	IN
492			T	TRBV1		TRBJ1								CASSNGGRPDTQYF	5	T	F	TRBV1	TRBJ1	IMGT_CDR3	IN
493			T	TRBV1		TRBJ1								CASSYFRGVLDSYEQYF	5	T	F	TRBV1	TRBJ1	IMGT_CDR3	IN
494			T	TRBV1		TRBJ1								CASLTGSNEQFF	5	T	F	TRBV1	TRBJ1	IMGT_CDR3	IN
495			T	TRBV1		TRBJ1								CASSDHLFSYGYTF	5	T	F	TRBV1	TRBJ1	IMGT_CDR3	IN
496			T	TRBV1		TRBJ1								CASHPLLYEQYF	5	T	F	TRBV1	TRBJ1	IMGT_CDR3	IN
497			T	TRBV1		TRBJ1								CASGLASYTGVPEKLFF	5	T	F	TRBV1	TRBJ1	IMGT_CDR3	IN
498			T	TRBV1		TRBJ1								CSARDSTGEGGGPYEQYF	5	T	F	TRBV1	TRBJ1	IMGT_CDR3	IN
499			T	TRBV1		TRBJ1								CASSRHGTTGNTIYF	5	T	F	TRBV1	TRBJ1	IMGT_CDR3	IN
500			T	TRBV1		TRBJ1								CASSSSSFIEQYF	5	T	F	TRBV1	TRBJ1	IMGT_CDR3	IN
501			T	TRBV1		TRBJ1								CASSPTRMGTLYEQYF	5	T	F	TRBV1	TRBJ1	IMGT_CDR3	IN
502			T	TRBV1		TRBJ1								CASSLCPLGNRNYGYTF	5	T	F	TRBV1	TRBJ1	IMGT_CDR3	IN
503			T	TRBV1		TRBJ1								CASRGEGAFF	5	T	F	TRBV1	TRBJ1	IMGT_CDR3	IN
504			T	TRBV1		TRBJ1								CASSSMTLRPHHNEQFF	5	T	F	TRBV1	TRBJ1	IMGT_CDR3	IN
505			T	TRBV1		TRBJ1								CASRRDYNEQFF	5	T	F	TRBV1	TRBJ1	IMGT_CDR3	IN
506			T	TRBV1		TRBJ1								CSARPLRRDLTGELFF	5	T	F	TRBV1	TRBJ1	IMGT_CDR3	IN
507			T	TRBV1		TRBJ1								CASSVGLGGIPDTQYF	5	T	F	TRBV1	TRBJ1	IMGT_CDR3	IN
508			T	TRBV1		TRBJ1								CASSDCGRVDTEAFF	5	T	F	TRBV1	TRBJ1	IMGT_CDR3	IN
509			T	TRBV1		TRBJ1								CASSYSITTQTGDYYGYTF	5	T	F	TRBV1	TRBJ1	IMGT_CDR3	IN
510			T	TRBV1		TRBJ1								CSAGNDGANEKLFF	5	T	F	TRBV1	TRBJ1	IMGT_CDR3	IN
511			T	TRBV1		TRBJ1								CASSLPRAGEKLFF	5	T	F	TRBV1	TRBJ1	IMGT_CDR3	IN
512			T	TRBV1		TRBJ1								CANPGDTQYF	5	T	F	TRBV1	TRBJ1	IMGT_CDR3	IN
513			T	TRBV1		TRBJ1								CASSRGGNEQFF	5	T	F	TRBV1	TRBJ1	IMGT_CDR3	IN
514			T	TRBV1		TRBJ1								CASSFELF	5	T	F	TRBV1	TRBJ1	IMGT_CDR3	IN
515			T	TRBV1		TRBJ1								CASSYPLGGSIGNYGYTF	5	T	F	TRBV1	TRBJ1	IMGT_CDR3	IN
516			T	TRBV1		TRBJ1								CASSSGRRHGDYGYTF	5	T	F	TRBV1	TRBJ1	IMGT_CDR3	IN
517			T	TRBV1		TRBJ1								CASSLWTVGGGIGTDTQYF	5	T	F	TRBV1	TRBJ1	IMGT_CDR3	IN
518			T	TRBV1		TRBJ1								CASRTSQGIHEQYF	5	T	F	TRBV1	TRBJ1	IMGT_CDR3	IN
519			T	TRBV1		TRBJ1								CASSAELVSTEAFF	5	T	F	TRBV1	TRBJ1	IMGT_CDR3	IN
520			T	TRBV1		TRBJ1								CSAGSGVPGYTF	5	T	F	TRBV1	TRBJ1	IMGT_CDR3	IN
521			T	TRBV1		TRBJ1								CATSDLTSRQEGNEQFF	5	T	F	TRBV1	TRBJ1	IMGT_CDR3	IN
522			T	TRBV1		TRBJ1								CAISERYPRDREDINEQYF	5	T	F	TRBV1	TRBJ1	IMGT_CDR3	IN
523			T	TRBV1		TRBJ1								CSTDREKSANTEAFF	5	T	F	TRBV1	TRBJ1	IMGT_CDR3	IN
524			T	TRBV1		TRBJ1								CASRVLLAGSPEQYF	5	T	F	TRBV1	TRBJ1	IMGT_CDR3	IN
525			T	TRBV1		TRBJ1								CASSCKGLYNEQFF	5	T	F	TRBV1	TRBJ1	IMGT_CDR3	IN
526			T	TRBV1		TRBJ1								CLSLDRDNTEAFF	5	T	F	TRBV1	TRBJ1	IMGT_CDR3	IN
527			T	TRBV1		TRBJ1								CASSYSPGATEAFF	5	T	F	TRBV1	TRBJ1	IMGT_CDR3	IN
528			T	TRBV1		TRBJ1								CAKPGAGAFF	5	T	F	TRBV1	TRBJ1	IMGT_CDR3	IN
529			T	TRBV1		TRBJ1								CASTGRTSESNYNEQFF	5	T	F	TRBV1	TRBJ1	IMGT_CDR3	IN
530			T	TRBV1		TRBJ1								CASSGTGDYGYTF	5	T	F	TRBV1	TRBJ1	IMGT_CDR3	IN
531			T	TRBV1		TRBJ1								CASSRLAGLDNEQFF	5	T	F	TRBV1	TRBJ1	IMGT_CDR3	IN
532			T	TRBV1		TRBJ1								CASSLATIPGYRGTIYF	5	T	F	TRBV1	TRBJ1	IMGT_CDR3	IN
533			T	TRBV1		TRBJ1								CASSTTEPGNYEQYF	5	T	F	TRBV1	TRBJ1	IMGT_CDR3	IN
534			T	TRBV1		TRBJ1								CASSEQEGGLTGGASPLHF	5	T	F	TRBV1	TRBJ1	IMGT_CDR3	IN
535			T	TRBV1		TRBJ1								CASSEAEGQGSPLHF	5	T	F	TRBV1	TRBJ1	IMGT_CDR3	IN
536			T	TRBV1		TRBJ1								CASSKDPGQGEQFF	5	T	F	TRBV1	TRBJ1	IMGT_CDR3	IN
537			T	TRBV1		TRBJ1								CASGDREETQYF	5	T	F	TRBV1	TRBJ1	IMGT_CDR3	IN
538			T	TRBV1		TRBJ1								CSARFKSGSNQPQHF	5	T	F	TRBV1	TRBJ1	IMGT_CDR3	IN
539			T	TRBV1		TRBJ1								CASRASYNSPLHF	5	T	F	TRBV1	TRBJ1	IMGT_CDR3	IN
540			T	TRBV1		TRBJ1								CASRPAPGTRALNYGYTF	5	T	F	TRBV1	TRBJ1	IMGT_CDR3	IN
541			T	TRBV1		TRBJ1								CASSLGLAGLNTQYF	5	T	F	TRBV1	TRBJ1	IMGT_CDR3	IN
542			T	TRBV1		TRBJ1								CASSDGRGYNEQFF	5	T	F	TRBV1	TRBJ1	IMGT_CDR3	IN
543			T	TRBV1		TRBJ1								CATVGLYGYTF	5	T	F	TRBV1	TRBJ1	IMGT_CDR3	IN
544			T	TRBV1		TRBJ1								CASRRPKVSYEQYF	5	T	F	TRBV1	TRBJ1	IMGT_CDR3	IN
545			T	TRBV1		TRBJ1								CASSVASNQPQHF	5	T	F	TRBV1	TRBJ1	IMGT_CDR3	IN
546			T	TRBV1		TRBJ1								CASSWTYRGGQPQHF	5	T	F	TRBV1	TRBJ1	IMGT_CDR3	IN
547			T	TRBV1		TRBJ1								CATEGFLNRRGCHYGYTF	5	T	F	TRBV1	TRBJ1	IMGT_CDR3	IN
548			T	TRBV1		TRBJ1								CASSDGFGTGQGFYEQYF	5	T	F	TRBV1	TRBJ1	IMGT_CDR3	IN
549			T	TRBV1		TRBJ1								CASSLGNKVNTEAFF	5	T	F	TRBV1	TRBJ1	IMGT_CDR3	IN
550			T	TRBV1		TRBJ1								CASSAPGSGYTF	5	T	F	TRBV1	TRBJ1	IMGT_CDR3	IN
551			T	TRBV1		TRBJ1								CASSHWGRIRDNQPQHF	5	T	F	TRBV1	TRBJ1	IMGT_CDR3	IN
552			T	TRBV1		TRBJ1								CASSRRGRREQYF	5	T	F	TRBV1	TRBJ1	IMGT_CDR3	IN
553			T	TRBV1		TRBJ1								CSARDTGHRAPYEQYF	5	T	F	TRBV1	TRBJ1	IMGT_CDR3	IN
554			T	TRBV1		TRBJ1								CASSVVLPLHPGQTLGYTF	5	T	F	TRBV1	TRBJ1	IMGT_CDR3	IN
555			T	TRBV1		TRBJ1								CASSLRRPTDYSNQPQHF	5	T	F	TRBV1	TRBJ1	IMGT_CDR3	IN
556			T	TRBV1		TRBJ1								CASSQDRYNEQFF	5	T	F	TRBV1	TRBJ1	IMGT_CDR3	IN
557			T	TRBV1		TRBJ1								CASSAGTPHVSQPQHF	5	T	F	TRBV1	TRBJ1	IMGT_CDR3	IN
558			T	TRBV1		TRBJ1								CASSSILGQGGYEQYF	5	T	F	TRBV1	TRBJ1	IMGT_CDR3	IN
559			T	TRBV1		TRBJ1								CASSVSGNEQFF	5	T	F	TRBV1	TRBJ1	IMGT_CDR3	IN
560			T	TRBV1		TRBJ1								CSARDNPEYYEQYF	5	T	F	TRBV1	TRBJ1	IMGT_CDR3	IN
561			T	TRBV1		TRBJ1								CASSLGTGEKLFF	5	T	F	TRBV1	TRBJ1	IMGT_CDR3	IN
562			T	TRBV1		TRBJ1								CATSDFLRGGRGKTGELFF	5	T	F	TRBV1	TRBJ1	IMGT_CDR3	IN
563			T	TRBV1		TRBJ1								CASSKGEIHRVRTPTDTQYF	5	T	F	TRBV1	TRBJ1	IMGT_CDR3	IN
564			T	TRBV1		TRBJ1								CASSVGTGTVF	5	T	F	TRBV1	TRBJ1	IMGT_CDR3	IN
565			T	TRBV1		TRBJ1								CALFPPGTGYRPYGYTF	5	T	F	TRBV1	TRBJ1	IMGT_CDR3	IN
566			T	TRBV1		TRBJ1								CASSLTCYEKLFF	5	T	F	TRBV1	TRBJ1	IMGT_CDR3	IN
567			T	TRBV1		TRBJ1								CASRLRDLAKNIQYF	5	T	F	TRBV1	TRBJ1	IMGT_CDR3	IN
568			T	TRBV1		TRBJ1								CASSGTAPYGEETQYF	5	T	F	TRBV1	TRBJ1	IMGT_CDR3	IN
569			T	TRBV1		TRBJ1								CASSGLAGARGELFF	5	T	F	TRBV1	TRBJ1	IMGT_CDR3	IN
570			T	TRBV1		TRBJ1								CASSHGGQGEQPQHF	5	T	F	TRBV1	TRBJ1	IMGT_CDR3	IN
571			T	TRBV1		TRBJ1								CSARGDRGVSGNTEAFF	5	T	F	TRBV1	TRBJ1	IMGT_CDR3	IN
572			T	TRBV1		TRBJ1								CASSLESRRGPGSYEQYF	5	T	F	TRBV1	TRBJ1	IMGT_CDR3	IN
573			T	TRBV1		TRBJ1								CASRRGTPTDTQYF	5	T	F	TRBV1	TRBJ1	IMGT_CDR3	IN
574			T	TRBV1		TRBJ1								CASSYGLAQETQYF	5	T	F	TRBV1	TRBJ1	IMGT_CDR3	IN
575			T	TRBV1		TRBJ1								CASSLEEGETQYF	5	T	F	TRBV1	TRBJ1	IMGT_CDR3	IN
576			T	TRBV1		TRBJ1								CASSLSPRPGRCYGYTF	5	T	F	TRBV1	TRBJ1	IMGT_CDR3	IN
577			T	TRBV1		TRBJ1								CASSQELRGTHEQYF	5	T	F	TRBV1	TRBJ1	IMGT_CDR3	IN
578			T	TRBV1		TRBJ1								CASSADRTGGRGENTEAFF	5	T	F	TRBV1	TRBJ1	IMGT_CDR3	IN
579			T	TRBV1		TRBJ1								CASSWTGAYSNQPQHF	5	T	F	TRBV1	TRBJ1	IMGT_CDR3	IN
580			T	TRBV1		TRBJ1								CAWRPQGETEAFF	5	T	F	TRBV1	TRBJ1	IMGT_CDR3	IN
581			T	TRBV1		TRBJ1								CASSYSTQLQGALVNEQFF	5	T	F	TRBV1	TRBJ1	IMGT_CDR3	IN
582			T	TRBV1		TRBJ1								CASSLCPSGGENEQFF	5	T	F	TRBV1	TRBJ1	IMGT_CDR3	IN
583			T	TRBV1		TRBJ1								CARLTLGNTIYF	5	T	F	TRBV1	TRBJ1	IMGT_CDR3	IN
584			T	TRBV1		TRBJ1								CASSGRRNTEAFF	5	T	F	TRBV1	TRBJ1	IMGT_CDR3	IN
585			T	TRBV1		TRBJ1								CAISLGGAGHEQYF	5	T	F	TRBV1	TRBJ1	IMGT_CDR3	IN
586			T	TRBV1		TRBJ1								CATSCGLAALGTYNEQFF	5	T	F	TRBV1	TRBJ1	IMGT_CDR3	IN
587			T	TRBV1		TRBJ1								CASSYSNAGCLFGYTF	5	T	F	TRBV1	TRBJ1	IMGT_CDR3	IN
588			T	TRBV1		TRBJ1								CASSVEYSPANEKLFF	5	T	F	TRBV1	TRBJ1	IMGT_CDR3	IN
589			T	TRBV1		TRBJ1								CASSLGINGQGVSENTGELFF	5	T	F	TRBV1	TRBJ1	IMGT_CDR3	IN
590			T	TRBV1		TRBJ1								CATVGGPLAGLSYEQYF	5	T	F	TRBV1	TRBJ1	IMGT_CDR3	IN
591			T	TRBV1		TRBJ1								CATNPGPGELFF	5	T	F	TRBV1	TRBJ1	IMGT_CDR3	IN
592			T	TRBV1		TRBJ1								CASSGLGSNQPQHF	5	T	F	TRBV1	TRBJ1	IMGT_CDR3	IN
593			T	TRBV1		TRBJ1								CASSLCRTGAITVENQPQHF	5	T	F	TRBV1	TRBJ1	IMGT_CDR3	IN
594			T	TRBV1		TRBJ1								CASLPSRPQHF	5	T	F	TRBV1	TRBJ1	IMGT_CDR3	IN
595			T	TRBV1		TRBJ1								CASSLTFRGNLNDVTYEQYF	5	T	F	TRBV1	TRBJ1	IMGT_CDR3	IN
596			T	TRBV1		TRBJ1								CASSEEDRAHNEQFF	5	T	F	TRBV1	TRBJ1	IMGT_CDR3	IN
597			T	TRBV1		TRBJ1								CASRLRQGRRF	5	T	F	TRBV1	TRBJ1	IMGT_CDR3	IN
598			T	TRBV1		TRBJ1								CASSWELRRERYEQYF	5	T	F	TRBV1	TRBJ1	IMGT_CDR3	IN
599			T	TRBV1		TRBJ1								CASSYREPRDRDETQYF	5	T	F	TRBV1	TRBJ1	IMGT_CDR3	IN
600			T	TRBV1		TRBJ1								CASPRPNHEQYF	5	T	F	TRBV1	TRBJ1	IMGT_CDR3	IN
601			T	TRBV1		TRBJ1								CASTGAIPRVYYEQYF	5	T	F	TRBV1	TRBJ1	IMGT_CDR3	IN
602			T	TRBV1		TRBJ1								CASRGGSDTQYF	5	T	F	TRBV1	TRBJ1	IMGT_CDR3	IN
603			T	TRBV1		TRBJ1								CASSPRGTSNQPQHF	5	T	F	TRBV1	TRBJ1	IMGT_CDR3	IN
604			T	TRBV1		TRBJ1								CATSEITDQRAGELFF	5	T	F	TRBV1	TRBJ1	IMGT_CDR3	IN
605			T	TRBV1		TRBJ1								CASSRSGTMNTEAFF	5	T	F	TRBV1	TRBJ1	IMGT_CDR3	IN
606			T	TRBV1		TRBJ1								CASSLNGGPSWGDEQFF	5	T	F	TRBV1	TRBJ1	IMGT_CDR3	IN
607			T	TRBV1		TRBJ1								CASETSGLYF	5	T	F	TRBV1	TRBJ1	IMGT_CDR3	IN
608			T	TRBV1		TRBJ1								CASSGEGEQYF	5	T	F	TRBV1	TRBJ1	IMGT_CDR3	IN
609			T	TRBV1		TRBJ1								CASSQDPGTGGKLGYGYTF	5	T	F	TRBV1	TRBJ1	IMGT_CDR3	IN
610			T	TRBV1		TRBJ1								CASSLPVRTSGRADGYTF	5	T	F	TRBV1	TRBJ1	IMGT_CDR3	IN
611			T	TRBV1		TRBJ1								CASRNPGDENTEAFF	5	T	F	TRBV1	TRBJ1	IMGT_CDR3	IN
612			T	TRBV1		TRBJ1								CASGLAGGVSSYNSPLHF	5	T	F	TRBV1	TRBJ1	IMGT_CDR3	IN
613			T	TRBV1		TRBJ1								CATSSSPGVTETQYF	5	T	F	TRBV1	TRBJ1	IMGT_CDR3	IN
614			T	TRBV1		TRBJ1								CASSFPSRPREQYF	5	T	F	TRBV1	TRBJ1	IMGT_CDR3	IN
615			T	TRBV1		TRBJ1								CASSVWGCYQPQHF	5	T	F	TRBV1	TRBJ1	IMGT_CDR3	IN
616			T	TRBV1		TRBJ1								CASSVVSRDRRGEQYF	5	T	F	TRBV1	TRBJ1	IMGT_CDR3	IN
617			T	TRBV1		TRBJ1								CASSFTGNQPQHF	5	T	F	TRBV1	TRBJ1	IMGT_CDR3	IN
618			T	TRBV1		TRBJ1								CASSPQRSGNIQYF	5	T	F	TRBV1	TRBJ1	IMGT_CDR3	IN
619			T	TRBV1		TRBJ1								CAIGNEGVDTQYF	5	T	F	TRBV1	TRBJ1	IMGT_CDR3	IN
620			T	TRBV1		TRBJ1								CASGVIRGNNEQFF	5	T	F	TRBV1	TRBJ1	IMGT_CDR3	IN
621			T	TRBV1		TRBJ1								CSARDCTHTGLKNGYTF	5	T	F	TRBV1	TRBJ1	IMGT_CDR3	IN
622			T	TRBV1		TRBJ1								CASSINADQDKQFF	5	T	F	TRBV1	TRBJ1	IMGT_CDR3	IN
623			T	TRBV1		TRBJ1								CSVGEGRNGYTF	5	T	F	TRBV1	TRBJ1	IMGT_CDR3	IN
624			T	TRBV1		TRBJ1								CSASIGGWNTGELFF	5	T	F	TRBV1	TRBJ1	IMGT_CDR3	IN
625			T	TRBV1		TRBJ1								CASSPPLAGAWGYTF	5	T	F	TRBV1	TRBJ1	IMGT_CDR3	IN
626			T	TRBV1		TRBJ1								CASSFSAVRFNQPQHF	5	T	F	TRBV1	TRBJ1	IMGT_CDR3	IN
627			T	TRBV1		TRBJ1								CASSRRGPGNTIYF	5	T	F	TRBV1	TRBJ1	IMGT_CDR3	IN
628			T	TRBV1		TRBJ1								CASRVRAQGRTEAFF	5	T	F	TRBV1	TRBJ1	IMGT_CDR3	IN
629			T	TRBV1		TRBJ1								CASSKNWGGNQPQHF	5	T	F	TRBV1	TRBJ1	IMGT_CDR3	IN
630			T	TRBV1		TRBJ1								CASSLDKPTSGTDTQYF	5	T	F	TRBV1	TRBJ1	IMGT_CDR3	IN
631			T	TRBV1		TRBJ1								CASSLDRGSTGELFF	5	T	F	TRBV1	TRBJ1	IMGT_CDR3	IN
632			T	TRBV1		TRBJ1								CASTSTGRIGYTF	5	T	F	TRBV1	TRBJ1	IMGT_CDR3	IN
633			T	TRBV1		TRBJ1								CATVYRGNYGYTF	5	T	F	TRBV1	TRBJ1	IMGT_CDR3	IN
634			T	TRBV1		TRBJ1								CSARGDRSYEQYF	5	T	F	TRBV1	TRBJ1	IMGT_CDR3	IN
635			T	TRBV1		TRBJ1								CASSYPRGQGCPGTVATNEKLFF	5	T	F	TRBV1	TRBJ1	IMGT_CDR3	IN
636			T	TRBV1		TRBJ1								CASSGVAGDTQYF	5	T	F	TRBV1	TRBJ1	IMGT_CDR3	IN
637			T	TRBV1		TRBJ1								CASSNHSGYTF	5	T	F	TRBV1	TRBJ1	IMGT_CDR3	IN
638			T	TRBV1		TRBJ1								CASPGQRTNEKLFF	5	T	F	TRBV1	TRBJ1	IMGT_CDR3	IN
639			T	TRBV1		TRBJ1								CASKSCPRGAGFQPQTYNSPLHF	5	T	F	TRBV1	TRBJ1	IMGT_CDR3	IN
640			T	TRBV1		TRBJ1								CASSLSIRGTDTQYF	5	T	F	TRBV1	TRBJ1	IMGT_CDR3	IN
641			T	TRBV1		TRBJ1								CATSDARKLGDNEQFF	5	T	F	TRBV1	TRBJ1	IMGT_CDR3	IN
642			T	TRBV1		TRBJ1								CASSYRDRGPDYNSPLHF	5	T	F	TRBV1	TRBJ1	IMGT_CDR3	IN
643			T	TRBV1		TRBJ1								CASSQAWAGTLEQYF	5	T	F	TRBV1	TRBJ1	IMGT_CDR3	IN
644			T	TRBV1		TRBJ1								CVNAGMSDTQYF	5	T	F	TRBV1	TRBJ1	IMGT_CDR3	IN
645			T	TRBV1		TRBJ1								CASSGQAEETQYF	5	T	F	TRBV1	TRBJ1	IMGT_CDR3	IN
646			T	TRBV1		TRBJ1								CASSKGRSRFNQPQHF	5	T	F	TRBV1	TRBJ1	IMGT_CDR3	IN
647			T	TRBV1		TRBJ1								CASSEMRGGGYTF	5	T	F	TRBV1	TRBJ1	IMGT_CDR3	IN
648			T	TRBV1		TRBJ1								CASRPGCQAFF	5	T	F	TRBV1	TRBJ1	IMGT_CDR3	IN
649			T	TRBV1		TRBJ1								CASSSPPGQGEIATNEKLFF	5	T	F	TRBV1	TRBJ1	IMGT_CDR3	IN
650			T	TRBV1		TRBJ1								CASSSRTGSFEKLFF	5	T	F	TRBV1	TRBJ1	IMGT_CDR3	IN
651			T	TRBV1		TRBJ1								CSAFSQVSFRVGNTEAFF	5	T	F	TRBV1	TRBJ1	IMGT_CDR3	IN
652			T	TRBV1		TRBJ1								CAWAGTGRVPGREQYF	5	T	F	TRBV1	TRBJ1	IMGT_CDR3	IN
653			T	TRBV1		TRBJ1								CASSLVGLAAEQYF	5	T	F	TRBV1	TRBJ1	IMGT_CDR3	IN
654			T	TRBV1		TRBJ1								CASSEEEVAAETRYEQYF	5	T	F	TRBV1	TRBJ1	IMGT_CDR3	IN
655			T	TRBV1		TRBJ1								CASSLAGQGQPQHF	5	T	F	TRBV1	TRBJ1	IMGT_CDR3	IN
656			T	TRBV1		TRBJ1								CASSIAVEPQHF	5	T	F	TRBV1	TRBJ1	IMGT_CDR3	IN
657			T	TRBV1		TRBJ1								CASRPTGQVNSPLHF	5	T	F	TRBV1	TRBJ1	IMGT_CDR3	IN
658			T	TRBV1		TRBJ1								CARLETGVWYEQYF	5	T	F	TRBV1	TRBJ1	IMGT_CDR3	IN
659			T	TRBV1		TRBJ1								CASSQAASGSTYEQYF	5	T	F	TRBV1	TRBJ1	IMGT_CDR3	IN
660			T	TRBV1		TRBJ1								CATSRDSRRTGEDQPQHF	5	T	F	TRBV1	TRBJ1	IMGT_CDR3	IN
661			T	TRBV1		TRBJ1								CASSDSAWGVDSYEQYF	5	T	F	TRBV1	TRBJ1	IMGT_CDR3	IN
662			T	TRBV1		TRBJ1								CASSPHRAGGYSNQPQHF	5	T	F	TRBV1	TRBJ1	IMGT_CDR3	IN
663			T	TRBV1		TRBJ1								CATSVCLCRETQYF	5	T	F	TRBV1	TRBJ1	IMGT_CDR3	IN
664			T	TRBV1		TRBJ1								CASRRGDTGELFF	5	T	F	TRBV1	TRBJ1	IMGT_CDR3	IN
665			T	TRBV1		TRBJ1								CASSSAKVQYF	5	T	F	TRBV1	TRBJ1	IMGT_CDR3	IN
666			T	TRBV1		TRBJ1								CASSHQVETQYF	5	T	F	TRBV1	TRBJ1	IMGT_CDR3	IN
667			T	TRBV1		TRBJ1								CSAVFALF	5	T	F	TRBV1	TRBJ1	IMGT_CDR3	IN
668			T	TRBV1		TRBJ1								CASMGETSGLGGSLTEQYF	5	T	F	TRBV1	TRBJ1	IMGT_CDR3	IN
669			T	TRBV1		TRBJ1								CASSPVASSYEQYF	5	T	F	TRBV1	TRBJ1	IMGT_CDR3	IN
670			T	TRBV1		TRBJ1								CASSCTQGAGSNQPQHF	5	T	F	TRBV1	TRBJ1	IMGT_CDR3	IN
671			T	TRBV1		TRBJ1								CASSLAGTSGLGEPYEQYF	5	T	F	TRBV1	TRBJ1	IMGT_CDR3	IN
672			T	TRBV1		TRBJ1								CASSTGLAGPAQETQYF	5	T	F	TRBV1	TRBJ1	IMGT_CDR3	IN
673			T	TRBV1		TRBJ1								CASSSTGFRAKNIQYF	5	T	F	TRBV1	TRBJ1	IMGT_CDR3	IN
674			T	TRBV1		TRBJ1								CATSEELGGAPGELFF	5	T	F	TRBV1	TRBJ1	IMGT_CDR3	IN
675			T	TRBV1		TRBJ1								CASSLSQRDRRANQPQHF	5	T	F	TRBV1	TRBJ1	IMGT_CDR3	IN
676			T	TRBV1		TRBJ1								CASKPPADPVETQYF	5	T	F	TRBV1	TRBJ1	IMGT_CDR3	IN
677			T	TRBV1		TRBJ1								CASSFCQPGGPGYTEAFF	5	T	F	TRBV1	TRBJ1	IMGT_CDR3	IN
678			T	TRBV1		TRBJ1								CASPGGCYNEQFF	5	T	F	TRBV1	TRBJ1	IMGT_CDR3	IN
679			T	TRBV1		TRBJ1								CASSRLEDQWNTEAFF	5	T	F	TRBV1	TRBJ1	IMGT_CDR3	IN
680			T	TRBV1		TRBJ1								CASSPRLREGDTQYF	5	T	F	TRBV1	TRBJ1	IMGT_CDR3	IN
681			T	TRBV1		TRBJ1								CASSLTIKDGYTF	5	T	F	TRBV1	TRBJ1	IMGT_CDR3	IN
682			T	TRBV1		TRBJ1								CASSPLTHGVGGLNEQFF	5	T	F	TRBV1	TRBJ1	IMGT_CDR3	IN
683			T	TRBV1		TRBJ1								CASSPVGGLLFWSTGELFF	5	T	F	TRBV1	TRBJ1	IMGT_CDR3	IN
684			T	TRBV1		TRBJ1								CASRGWPPPSGSVGETQYF	5	T	F	TRBV1	TRBJ1	IMGT_CDR3	IN
685			T	TRBV1		TRBJ1								CASSPTGGGPQHF	5	T	F	TRBV1	TRBJ1	IMGT_CDR3	IN
686			T	TRBV1		TRBJ1								CASSPGGTGELFF	5	T	F	TRBV1	TRBJ1	IMGT_CDR3	IN
687			T	TRBV1		TRBJ1								CASSHGGTSGQPWRYNEQFF	5	T	F	TRBV1	TRBJ1	IMGT_CDR3	IN
688			T	TRBV1		TRBJ1								CASSDSRWTSGSPYNEQFF	5	T	F	TRBV1	TRBJ1	IMGT_CDR3	IN
689			T	TRBV1		TRBJ1								CATRGDPGGYTF	5	T	F	TRBV1	TRBJ1	IMGT_CDR3	IN
690			T	TRBV1		TRBJ1								CASSLAGGYTF	5	T	F	TRBV1	TRBJ1	IMGT_CDR3	IN
691			T	TRBV1		TRBJ1								CATQGGYEQYF	5	T	F	TRBV1	TRBJ1	IMGT_CDR3	IN
692			T	TRBV1		TRBJ1								CASSPGPPDTQYF	5	T	F	TRBV1	TRBJ1	IMGT_CDR3	IN
693			T	TRBV1		TRBJ1								CASSFPRPPPNSPLHF	5	T	F	TRBV1	TRBJ1	IMGT_CDR3	IN
694			T	TRBV1		TRBJ1								CASSVSPSRGQGEKLFF	5	T	F	TRBV1	TRBJ1	IMGT_CDR3	IN
695			T	TRBV1		TRBJ1								CATKLYSTDTQYF	5	T	F	TRBV1	TRBJ1	IMGT_CDR3	IN
696			T	TRBV1		TRBJ1								CATSDSEGPTDTQYF	5	T	F	TRBV1	TRBJ1	IMGT_CDR3	IN
697			T	TRBV1		TRBJ1								CASRGTGSSYEQYF	5	T	F	TRBV1	TRBJ1	IMGT_CDR3	IN
698			T	TRBV1		TRBJ1								CASSICRDRGRPYNSPLHF	5	T	F	TRBV1	TRBJ1	IMGT_CDR3	IN
699			T	TRBV1		TRBJ1								CASSCPTAYEQYF	5	T	F	TRBV1	TRBJ1	IMGT_CDR3	IN
700			T	TRBV1		TRBJ1								CASSYGQLRHYGYTF	5	T	F	TRBV1	TRBJ1	IMGT_CDR3	IN
701			T	TRBV1		TRBJ1								CASSTVKVDRGPKNIQYF	5	T	F	TRBV1	TRBJ1	IMGT_CDR3	IN
702			T	TRBV1		TRBJ1								CAIATSGGARHNEQFF	5	T	F	TRBV1	TRBJ1	IMGT_CDR3	IN
703			T	TRBV1		TRBJ1								CASSETTSSGEETQYF	5	T	F	TRBV1	TRBJ1	IMGT_CDR3	IN
704			T	TRBV1		TRBJ1								CASSQGTSAYNEQFF	5	T	F	TRBV1	TRBJ1	IMGT_CDR3	IN
705			T	TRBV1		TRBJ1								CASSSIHTGELFF	5	T	F	TRBV1	TRBJ1	IMGT_CDR3	IN
706			T	TRBV1		TRBJ1								CASSHLAVDTQYF	5	T	F	TRBV1	TRBJ1	IMGT_CDR3	IN
707			T	TRBV1		TRBJ1								CASSDRRLQGGQYF	5	T	F	TRBV1	TRBJ1	IMGT_CDR3	IN
708			T	TRBV1		TRBJ1								CASSIIWGKRENNEQFF	5	T	F	TRBV1	TRBJ1	IMGT_CDR3	IN
709			T	TRBV1		TRBJ1								CKRGGHNEQFF	5	T	F	TRBV1	TRBJ1	IMGT_CDR3	IN
710			T	TRBV1		TRBJ1								CASSLLGGFAYNEQFF	5	T	F	TRBV1	TRBJ1	IMGT_CDR3	IN
711			T	TRBV1		TRBJ1								CASSCPGTDNNEQFF	5	T	F	TRBV1	TRBJ1	IMGT_CDR3	IN
712			T	TRBV1		TRBJ1								CASSLNPLEGAISNQPQHF	5	T	F	TRBV1	TRBJ1	IMGT_CDR3	IN
713			T	TRBV1		TRBJ1								CSASVSTNTEAFF	5	T	F	TRBV1	TRBJ1	IMGT_CDR3	IN
714			T	TRBV1		TRBJ1								CASGTLGASGNTEAFF	5	T	F	TRBV1	TRBJ1	IMGT_CDR3	IN
715			T	TRBV1		TRBJ1								CASSELDRSRQETQYF	5	T	F	TRBV1	TRBJ1	IMGT_CDR3	IN
716			T	TRBV1		TRBJ1								CASSSSRGRNEQYF	5	T	F	TRBV1	TRBJ1	IMGT_CDR3	IN
717			T	TRBV1		TRBJ1								CSAKYPGGEDGYTF	5	T	F	TRBV1	TRBJ1	IMGT_CDR3	IN
718			T	TRBV1		TRBJ1								CASSAPARGLGKDTQYF	5	T	F	TRBV1	TRBJ1	IMGT_CDR3	IN
719			T	TRBV1		TRBJ1								CASSHPGGGRETQYF	5	T	F	TRBV1	TRBJ1	IMGT_CDR3	IN
720			T	TRBV1		TRBJ1								CASSQAGQGVGYTF	5	T	F	TRBV1	TRBJ1	IMGT_CDR3	IN
721			T	TRBV1		TRBJ1								CASSLEGWEANEQFF	5	T	F	TRBV1	TRBJ1	IMGT_CDR3	IN
722			T	TRBV1		TRBJ1								CASSASGKQITYNEQFF	5	T	F	TRBV1	TRBJ1	IMGT_CDR3	IN
723			T	TRBV1		TRBJ1								CASSNLRGGDTQYF	5	T	F	TRBV1	TRBJ1	IMGT_CDR3	IN
724			T	TRBV1		TRBJ1								CASSTRGFTHGYTF	5	T	F	TRBV1	TRBJ1	IMGT_CDR3	IN
725			T	TRBV1		TRBJ1								CASSDRGASGLERNTGELFF	5	T	F	TRBV1	TRBJ1	IMGT_CDR3	IN
726			T	TRBV1		TRBJ1								CASRTKPGGLPGNTIYF	5	T	F	TRBV1	TRBJ1	IMGT_CDR3	IN
727			T	TRBV1		TRBJ1								CASSSLPPPGATNEKLFF	5	T	F	TRBV1	TRBJ1	IMGT_CDR3	IN
728			T	TRBV1		TRBJ1								CASSLGGDTGELFF	5	T	F	TRBV1	TRBJ1	IMGT_CDR3	IN
729			T	TRBV1		TRBJ1								CASSQTGYEQYF	5	T	F	TRBV1	TRBJ1	IMGT_CDR3	IN
730			T	TRBV1		TRBJ1								CASSNPGLVSGNTIYF	5	T	F	TRBV1	TRBJ1	IMGT_CDR3	IN
731			T	TRBV1		TRBJ1								CAWSVGPPWTGPPVNTEAFF	5	T	F	TRBV1	TRBJ1	IMGT_CDR3	IN
732			T	TRBV1		TRBJ1								CASSFRDRGEYEQYF	5	T	F	TRBV1	TRBJ1	IMGT_CDR3	IN
733			T	TRBV1		TRBJ1								CANLRDFVWDEQFF	5	T	F	TRBV1	TRBJ1	IMGT_CDR3	IN
734			T	TRBV1		TRBJ1								CASSQPQGGTDTQYF	5	T	F	TRBV1	TRBJ1	IMGT_CDR3	IN
735			T	TRBV1		TRBJ1								CASSWGEGDLDSSGANVLTF	5	T	F	TRBV1	TRBJ1	IMGT_CDR3	IN
736			T	TRBV1		TRBJ1								CASSNPDFRQVLGVWDQPQHF	5	T	F	TRBV1	TRBJ1	IMGT_CDR3	IN
737			T	TRBV1		TRBJ1								CAWGGSNQPQHF	5	T	F	TRBV1	TRBJ1	IMGT_CDR3	IN
738			T	TRBV1		TRBJ1								CASSIIAGEYNEQFF	5	T	F	TRBV1	TRBJ1	IMGT_CDR3	IN
739			T	TRBV1		TRBJ1								CASSFLRPANTEAFF	5	T	F	TRBV1	TRBJ1	IMGT_CDR3	IN
740			T	TRBV1		TRBJ1								CASSLGLGTGPMTNTGELFF	5	T	F	TRBV1	TRBJ1	IMGT_CDR3	IN
741			T	TRBV1		TRBJ1								CASSGTGRDYGYTF	5	T	F	TRBV1	TRBJ1	IMGT_CDR3	IN
742			T	TRBV1		TRBJ1								CAWSVRPSRQFQPQHF	5	T	F	TRBV1	TRBJ1	IMGT_CDR3	IN
743			T	TRBV1		TRBJ1								CASTPRFGQGAPETQYF	5	T	F	TRBV1	TRBJ1	IMGT_CDR3	IN
744			T	TRBV1		TRBJ1								CASSGEALYEQYF	5	T	F	TRBV1	TRBJ1	IMGT_CDR3	IN
745			T	TRBV1		TRBJ1								CASGLARSPPGQVYTEAFF	5	T	F	TRBV1	TRBJ1	IMGT_CDR3	IN
746			T	TRBV1		TRBJ1								CSARDSPLGEETQYF	5	T	F	TRBV1	TRBJ1	IMGT_CDR3	IN
747			T	TRBV1		TRBJ1								CAPTSGTTEAFF	5	T	F	TRBV1	TRBJ1	IMGT_CDR3	IN
748			T	TRBV1		TRBJ1								CATSREGRYQPQHF	5	T	F	TRBV1	TRBJ1	IMGT_CDR3	IN
749			T	TRBV1		TRBJ1								CASSLKVGGWNEQYF	5	T	F	TRBV1	TRBJ1	IMGT_CDR3	IN
750			T	TRBV1		TRBJ1								CASSYGTPFGSNSNQPQHF	5	T	F	TRBV1	TRBJ1	IMGT_CDR3	IN
751			T	TRBV1		TRBJ1								CASSVGVSNEQYF	5	T	F	TRBV1	TRBJ1	IMGT_CDR3	IN
752			T	TRBV1		TRBJ1								CAPGQTYEQYF	5	T	F	TRBV1	TRBJ1	IMGT_CDR3	IN
753			T	TRBV1		TRBJ1								CATSTPGYPPYEQYF	5	T	F	TRBV1	TRBJ1	IMGT_CDR3	IN
754			T	TRBV1		TRBJ1								CASSLEGLRYNSPLHF	5	T	F	TRBV1	TRBJ1	IMGT_CDR3	IN
755			T	TRBV1		TRBJ1								CASSFPDGRRPRNTGELFF	5	T	F	TRBV1	TRBJ1	IMGT_CDR3	IN
756			T	TRBV1		TRBJ1								CATPPDRVRGGYGYTF	5	T	F	TRBV1	TRBJ1	IMGT_CDR3	IN
757			T	TRBV1		TRBJ1								CASSRGPSSGANVLTF	5	T	F	TRBV1	TRBJ1	IMGT_CDR3	IN
758			T	TRBV1		TRBJ1								CASSLATGTNANTGELFF	5	T	F	TRBV1	TRBJ1	IMGT_CDR3	IN
759			T	TRBV1		TRBJ1								CASSLRETVYLAGYTF	5	T	F	TRBV1	TRBJ1	IMGT_CDR3	IN
760			T	TRBV1		TRBJ1								CATSDHNLKGALYGYTF	5	T	F	TRBV1	TRBJ1	IMGT_CDR3	IN
761			T	TRBV1		TRBJ1								CASSYYLNPYEQYF	5	T	F	TRBV1	TRBJ1	IMGT_CDR3	IN
762			T	TRBV1		TRBJ1								CASRDRVYGYTF	5	T	F	TRBV1	TRBJ1	IMGT_CDR3	IN
763			T	TRBV1		TRBJ1								CASSGGDSYNSPLHF	5	T	F	TRBV1	TRBJ1	IMGT_CDR3	IN
764			T	TRBV1		TRBJ1								CATSTYPGQPEAFF	5	T	F	TRBV1	TRBJ1	IMGT_CDR3	IN
765			T	TRBV1		TRBJ1								CASSLASSREGSYEQYF	5	T	F	TRBV1	TRBJ1	IMGT_CDR3	IN
766			T	TRBV1		TRBJ1								CASSQPRGRLNQPQHF	5	T	F	TRBV1	TRBJ1	IMGT_CDR3	IN
767			T	TRBV1		TRBJ1								CASSPCKGVYTEAFF	5	T	F	TRBV1	TRBJ1	IMGT_CDR3	IN
768			T	TRBV1		TRBJ1								CASKRASGPTGELFF	5	T	F	TRBV1	TRBJ1	IMGT_CDR3	IN
769			T	TRBV1		TRBJ1								CASSGGTSVF	5	T	F	TRBV1	TRBJ1	IMGT_CDR3	IN
770			T	TRBV1		TRBJ1								CASSCAVTLGHPRYTEAFF	5	T	F	TRBV1	TRBJ1	IMGT_CDR3	IN
771			T	TRBV1		TRBJ1								CASSAVGQGAGGNTIYF	5	T	F	TRBV1	TRBJ1	IMGT_CDR3	IN
772			T	TRBV1		TRBJ1								CSARTPRGSGDSGYTF	5	T	F	TRBV1	TRBJ1	IMGT_CDR3	IN
773			T	TRBV1		TRBJ1								CASPGGLEQFF	5	T	F	TRBV1	TRBJ1	IMGT_CDR3	IN
774			T	TRBV1		TRBJ1								CASSLDLGQREQYF	5	T	F	TRBV1	TRBJ1	IMGT_CDR3	IN
775			T	TRBV1		TRBJ1								CARGRGFHGDRNQPQHF	5	T	F	TRBV1	TRBJ1	IMGT_CDR3	IN
776			T	TRBV1		TRBJ1								CASSLCNQPQHF	5	T	F	TRBV1	TRBJ1	IMGT_CDR3	IN
777			T	TRBV1		TRBJ1								CAIGIHRALSQETQYF	5	T	F	TRBV1	TRBJ1	IMGT_CDR3	IN
778			T	TRBV1		TRBJ1								CASSLKQVREAKNIQYF	5	T	F	TRBV1	TRBJ1	IMGT_CDR3	IN
779			T	TRBV1		TRBJ1								CASSYSHRKKANYGYTF	5	T	F	TRBV1	TRBJ1	IMGT_CDR3	IN
780			T	TRBV1		TRBJ1								CASSAPAVRLKSNQPQHF	5	T	F	TRBV1	TRBJ1	IMGT_CDR3	IN
781			T	TRBV1		TRBJ1								CASSLERGVEIIF	5	T	F	TRBV1	TRBJ1	IMGT_CDR3	IN
782			T	TRBV1		TRBJ1								CASSPIRTKDTQYF	5	T	F	TRBV1	TRBJ1	IMGT_CDR3	IN
783			T	TRBV1		TRBJ1								CASMTGPQETQYF	5	T	F	TRBV1	TRBJ1	IMGT_CDR3	IN
784			T	TRBV1		TRBJ1								CASTSMASQTVDTEAFF	5	T	F	TRBV1	TRBJ1	IMGT_CDR3	IN
785			T	TRBV1		TRBJ1								CATSVNDQGNTEAFF	5	T	F	TRBV1	TRBJ1	IMGT_CDR3	IN
786			T	TRBV1		TRBJ1								CADGPTGELFF	5	T	F	TRBV1	TRBJ1	IMGT_CDR3	IN
787			T	TRBV1		TRBJ1								CSVDQGQGDSNEQFF	5	T	F	TRBV1	TRBJ1	IMGT_CDR3	IN
788			T	TRBV1		TRBJ1								CASKDRGEKLFF	5	T	F	TRBV1	TRBJ1	IMGT_CDR3	IN
789			T	TRBV1		TRBJ1								CASSLAPGLADRNEQFF	5	T	F	TRBV1	TRBJ1	IMGT_CDR3	IN
790			T	TRBV1		TRBJ1								CASSRGRPCWRGRGTEAFF	5	T	F	TRBV1	TRBJ1	IMGT_CDR3	IN
791			T	TRBV1		TRBJ1								CASSPYRGGANYGYTF	5	T	F	TRBV1	TRBJ1	IMGT_CDR3	IN
792			T	TRBV1		TRBJ1								CATSDFQIEAGRSNQPQHF	5	T	F	TRBV1	TRBJ1	IMGT_CDR3	IN
793			T	TRBV1		TRBJ1								CASSLELRDDDSSGANVLTF	5	T	F	TRBV1	TRBJ1	IMGT_CDR3	IN
794			T	TRBV1		TRBJ1								CSARDWNQCYNEQFF	5	T	F	TRBV1	TRBJ1	IMGT_CDR3	IN
795			T	TRBV1		TRBJ1								CASSLCRTGAITVENQPQHF	5	T	F	TRBV1	TRBJ1	IMGT_CDR3	IN
796			T	TRBV1		TRBJ1								CSVEGGGGDTGELFF	5	T	F	TRBV1	TRBJ1	IMGT_CDR3	IN
797			T	TRBV1		TRBJ1								CASRLTGRGVGETQYF	5	T	F	TRBV1	TRBJ1	IMGT_CDR3	IN
798			T	TRBV1		TRBJ1								CASPDRQAFF	5	T	F	TRBV1	TRBJ1	IMGT_CDR3	IN
799			T	TRBV1		TRBJ1								CATSRYQDLYNEQFF	5	T	F	TRBV1	TRBJ1	IMGT_CDR3	IN
800			T	TRBV1		TRBJ1								CASSWGTRGEQYF	5	T	F	TRBV1	TRBJ1	IMGT_CDR3	IN
801			T	TRBV1		TRBJ1								CASSLQGGNTIYF	5	T	F	TRBV1	TRBJ1	IMGT_CDR3	IN
802			T	TRBV1		TRBJ1								CACHLPATDTQYF	5	T	F	TRBV1	TRBJ1	IMGT_CDR3	IN
803			T	TRBV1		TRBJ1								CASSFGRDRGKLFF	5	T	F	TRBV1	TRBJ1	IMGT_CDR3	IN
804			T	TRBV1		TRBJ1								CARAGFPFAQETQYF	5	T	F	TRBV1	TRBJ1	IMGT_CDR3	IN
805			T	TRBV1		TRBJ1								CSARDQETGSGYEQYF	5	T	F	TRBV1	TRBJ1	IMGT_CDR3	IN
806			T	TRBV1		TRBJ1								CASEALDFEQYF	5	T	F	TRBV1	TRBJ1	IMGT_CDR3	IN
807			T	TRBV1		TRBJ1								CSPNYRAYGYTF	5	T	F	TRBV1	TRBJ1	IMGT_CDR3	IN
808			T	TRBV1		TRBJ1								CSARDRSFSSSYNSPLHF	5	T	F	TRBV1	TRBJ1	IMGT_CDR3	IN
809			T	TRBV1		TRBJ1								CASSLRGGTKGQPQHF	5	T	F	TRBV1	TRBJ1	IMGT_CDR3	IN
810			T	TRBV1		TRBJ1								CASSLLDQLAGGAEQFF	5	T	F	TRBV1	TRBJ1	IMGT_CDR3	IN
811			T	TRBV1		TRBJ1								CASSQALAQRRTGGYTF	5	T	F	TRBV1	TRBJ1	IMGT_CDR3	IN
812			T	TRBV1		TRBJ1								CASSRDKPLGGGYGYTF	5	T	F	TRBV1	TRBJ1	IMGT_CDR3	IN
813			T	TRBV1		TRBJ1								CASMYPYEQYF	5	T	F	TRBV1	TRBJ1	IMGT_CDR3	IN
814			T	TRBV1		TRBJ1								CSVEDDPSGRNTIYF	5	T	F	TRBV1	TRBJ1	IMGT_CDR3	IN
815			T	TRBV1		TRBJ1								CASSLTYGGVAEQYF	5	T	F	TRBV1	TRBJ1	IMGT_CDR3	IN
816			T	TRBV1		TRBJ1								CASKVAGDGSTDTQYF	5	T	F	TRBV1	TRBJ1	IMGT_CDR3	IN
817			T	TRBV1		TRBJ1								CASSVQGEETQYF	5	T	F	TRBV1	TRBJ1	IMGT_CDR3	IN
818			T	TRBV1		TRBJ1								CASSVAGRSSYEQYF	5	T	F	TRBV1	TRBJ1	IMGT_CDR3	IN
819			T	TRBV1		TRBJ1								CASIGALNQPQHF	5	T	F	TRBV1	TRBJ1	IMGT_CDR3	IN
820			T	TRBV1		TRBJ1								CASSEEGLAEGGEQYF	5	T	F	TRBV1	TRBJ1	IMGT_CDR3	IN
821			T	TRBV1		TRBJ1								CASSTGRLNTEAFF	5	T	F	TRBV1	TRBJ1	IMGT_CDR3	IN
822			T	TRBV1		TRBJ1								CASSLVGRTEQYF	5	T	F	TRBV1	TRBJ1	IMGT_CDR3	IN
823			T	TRBV1		TRBJ1								CASSLALQGLYEQYF	5	T	F	TRBV1	TRBJ1	IMGT_CDR3	IN
824			T	TRBV1		TRBJ1								CASSQGGGTAHRHEQFF	5	T	F	TRBV1	TRBJ1	IMGT_CDR3	IN
825			T	TRBV1		TRBJ1								CASSETSEAFF	5	T	F	TRBV1	TRBJ1	IMGT_CDR3	IN
826			T	TRBV1		TRBJ1								CASSYTENRGIGGNTIYF	5	T	F	TRBV1	TRBJ1	IMGT_CDR3	IN
827			T	TRBV1		TRBJ1								CASSLRVGDAGAFF	5	T	F	TRBV1	TRBJ1	IMGT_CDR3	IN
828			T	TRBV1		TRBJ1								CASIRCYAYEQYF	5	T	F	TRBV1	TRBJ1	IMGT_CDR3	IN
829			T	TRBV1		TRBJ1								CASSLFEPDGGYTF	5	T	F	TRBV1	TRBJ1	IMGT_CDR3	IN
830			T	TRBV1		TRBJ1								CASSEDRFEDEQYF	5	T	F	TRBV1	TRBJ1	IMGT_CDR3	IN
831			T	TRBV1		TRBJ1								CAISGTSQETQYF	5	T	F	TRBV1	TRBJ1	IMGT_CDR3	IN
832			T	TRBV1		TRBJ1								CASMPGFASTNYGYTF	5	T	F	TRBV1	TRBJ1	IMGT_CDR3	IN
833			T	TRBV1		TRBJ1								CASSYSRSALGANGYTF	5	T	F	TRBV1	TRBJ1	IMGT_CDR3	IN
834			T	TRBV1		TRBJ1								CASSPQAGKEGYYSNQPQHF	5	T	F	TRBV1	TRBJ1	IMGT_CDR3	IN
835			T	TRBV1		TRBJ1								CAPDRSEAFF	5	T	F	TRBV1	TRBJ1	IMGT_CDR3	IN
836			T	TRBV1		TRBJ1								CASSQDTPSCRNEQFF	5	T	F	TRBV1	TRBJ1	IMGT_CDR3	IN
837			T	TRBV1		TRBJ1								CASSLVGGYAFF	5	T	F	TRBV1	TRBJ1	IMGT_CDR3	IN
838			T	TRBV1		TRBJ1								CASRWKGPSGNTIYF	5	T	F	TRBV1	TRBJ1	IMGT_CDR3	IN
839			T	TRBV1		TRBJ1								CASSQAVYGSRIRNYNEQFF	5	T	F	TRBV1	TRBJ1	IMGT_CDR3	IN
840			T	TRBV1		TRBJ1								CASSLASGHPSGIRLGYEQYF	5	T	F	TRBV1	TRBJ1	IMGT_CDR3	IN
841			T	TRBV1		TRBJ1								CASSRGFQETQYF	5	T	F	TRBV1	TRBJ1	IMGT_CDR3	IN
842			T	TRBV1		TRBJ1								CASSSGTSSGDTGELFF	5	T	F	TRBV1	TRBJ1	IMGT_CDR3	IN
843			T	TRBV1		TRBJ1								CASTRVYATATEQYF	5	T	F	TRBV1	TRBJ1	IMGT_CDR3	IN
844			T	TRBV1		TRBJ1								CASSQCARTREYNEQFF	5	T	F	TRBV1	TRBJ1	IMGT_CDR3	IN
845			T	TRBV1		TRBJ1								CASSDKTIWRGGDDEQFF	5	T	F	TRBV1	TRBJ1	IMGT_CDR3	IN
846			T	TRBV1		TRBJ1								CASSFHPGGQSICSYEQYF	5	T	F	TRBV1	TRBJ1	IMGT_CDR3	IN
847			T	TRBV1		TRBJ1								CASSLWASGRFNEKLFF	5	T	F	TRBV1	TRBJ1	IMGT_CDR3	IN
848			T	TRBV1		TRBJ1								CASSLIGTGWYEQYF	5	T	F	TRBV1	TRBJ1	IMGT_CDR3	IN
849			T	TRBV1		TRBJ1								CASSLHGDF	5	T	F	TRBV1	TRBJ1	IMGT_CDR3	IN
850			T	TRBV1		TRBJ1								CASSSLLAGGDEQFF	5	T	F	TRBV1	TRBJ1	IMGT_CDR3	IN
851			T	TRBV1		TRBJ1								CASSERHSWGLNTEAFF	5	T	F	TRBV1	TRBJ1	IMGT_CDR3	IN
852			T	TRBV1		TRBJ1								CSAARARDSAYEQYF	5	T	F	TRBV1	TRBJ1	IMGT_CDR3	IN
853			T	TRBV1		TRBJ1								CASSQELVPRPQPQHF	5	T	F	TRBV1	TRBJ1	IMGT_CDR3	IN
854			T	TRBV1		TRBJ1								CASSRTGSTCYEQYF	5	T	F	TRBV1	TRBJ1	IMGT_CDR3	IN
855			T	TRBV1		TRBJ1								CASSLDLSIGQGKLRYQPQHF	5	T	F	TRBV1	TRBJ1	IMGT_CDR3	IN
856			T	TRBV1		TRBJ1								CASSPGKETQYF	5	T	F	TRBV1	TRBJ1	IMGT_CDR3	IN
857			T	TRBV1		TRBJ1								CAIRRLAGRLYNEQFF	5	T	F	TRBV1	TRBJ1	IMGT_CDR3	IN
858			T	TRBV1		TRBJ1								CASSLDTPGAQPQHF	5	T	F	TRBV1	TRBJ1	IMGT_CDR3	IN
859			T	TRBV1		TRBJ1								CASKPGGSSNQPQHF	5	T	F	TRBV1	TRBJ1	IMGT_CDR3	IN
860			T	TRBV1		TRBJ1								CASSAPLQGGKEQYF	5	T	F	TRBV1	TRBJ1	IMGT_CDR3	IN
861			T	TRBV1		TRBJ1								CASSGAEAFF	5	T	F	TRBV1	TRBJ1	IMGT_CDR3	IN
862			T	TRBV1		TRBJ1								CSESGNRDNEQFF	5	T	F	TRBV1	TRBJ1	IMGT_CDR3	IN
863			T	TRBV1		TRBJ1								CASSGLCTSIRLETQYF	5	T	F	TRBV1	TRBJ1	IMGT_CDR3	IN
864			T	TRBV1		TRBJ1								CASLGAYEQYF	5	T	F	TRBV1	TRBJ1	IMGT_CDR3	IN
865			T	TRBV1		TRBJ1								CGPGGASLHF	5	T	F	TRBV1	TRBJ1	IMGT_CDR3	IN
866			T	TRBV1		TRBJ1								CSAKAGGKSNEQFF	5	T	F	TRBV1	TRBJ1	IMGT_CDR3	IN
867			T	TRBV1		TRBJ1								CASSSWGTGGKKNTEAFF	5	T	F	TRBV1	TRBJ1	IMGT_CDR3	IN
868			T	TRBV1		TRBJ1								CASSPKDRERKYF	5	T	F	TRBV1	TRBJ1	IMGT_CDR3	IN
869			T	TRBV1		TRBJ1								CASSQIGRSQVAYNEQFF	5	T	F	TRBV1	TRBJ1	IMGT_CDR3	IN
870			T	TRBV1		TRBJ1								CASSLDREPGELFF	5	T	F	TRBV1	TRBJ1	IMGT_CDR3	IN
871			T	TRBV1		TRBJ1								CAISVPDRGMGTNTGELFF	5	T	F	TRBV1	TRBJ1	IMGT_CDR3	IN
872			T	TRBV1		TRBJ1								CASSGDWEGGNTGELFF	5	T	F	TRBV1	TRBJ1	IMGT_CDR3	IN
873			T	TRBV1		TRBJ1								CASSDFKTGRSSHTIYF	5	T	F	TRBV1	TRBJ1	IMGT_CDR3	IN
874			T	TRBV1		TRBJ1								CAPGLAGGRVSDTQYF	5	T	F	TRBV1	TRBJ1	IMGT_CDR3	IN
875			T	TRBV1		TRBJ1								CASSFPPGTGTDTQYF	5	T	F	TRBV1	TRBJ1	IMGT_CDR3	IN
876			T	TRBV1		TRBJ1								CATRPGERGNQPQHF	5	T	F	TRBV1	TRBJ1	IMGT_CDR3	IN
877			T	TRBV1		TRBJ1								CASRTTGELFF	5	T	F	TRBV1	TRBJ1	IMGT_CDR3	IN
878			T	TRBV1		TRBJ1								CASSLYRDRGRCTEAFF	5	T	F	TRBV1	TRBJ1	IMGT_CDR3	IN
879			T	TRBV1		TRBJ1								CASSELKTGYNEQFF	5	T	F	TRBV1	TRBJ1	IMGT_CDR3	IN
880			T	TRBV1		TRBJ1								CASSTPTARICTGELFF	5	T	F	TRBV1	TRBJ1	IMGT_CDR3	IN
881			T	TRBV1		TRBJ1								CASSPRQVKDEKLFF	5	T	F	TRBV1	TRBJ1	IMGT_CDR3	IN
882			T	TRBV1		TRBJ1								CASSGRGHEQYF	5	T	F	TRBV1	TRBJ1	IMGT_CDR3	IN
883			T	TRBV1		TRBJ1								CASRTPAFAKNIQYF	5	T	F	TRBV1	TRBJ1	IMGT_CDR3	IN
884			T	TRBV1		TRBJ1								CASRGSNQPQHF	5	T	F	TRBV1	TRBJ1	IMGT_CDR3	IN
885			T	TRBV1		TRBJ1								CASSLFRRSGTDTQYF	5	T	F	TRBV1	TRBJ1	IMGT_CDR3	IN
886			T	TRBV1		TRBJ1								CASSSEGGYGEQYF	5	T	F	TRBV1	TRBJ1	IMGT_CDR3	IN
887			T	TRBV1		TRBJ1								CASSSPPEGIF	5	T	F	TRBV1	TRBJ1	IMGT_CDR3	IN
888			T	TRBV1		TRBJ1								CASSQQGDRTDTQYF	5	T	F	TRBV1	TRBJ1	IMGT_CDR3	IN
889			T	TRBV1		TRBJ1								CASRPAGDYEQYF	5	T	F	TRBV1	TRBJ1	IMGT_CDR3	IN
890			T	TRBV1		TRBJ1								CASTPRPGKPGNTIYF	5	T	F	TRBV1	TRBJ1	IMGT_CDR3	IN
891			T	TRBV1		TRBJ1								CAKALSTQYF	5	T	F	TRBV1	TRBJ1	IMGT_CDR3	IN
892			T	TRBV1		TRBJ1								CASSEARPGTGARYGYTF	5	T	F	TRBV1	TRBJ1	IMGT_CDR3	IN
893			T	TRBV1		TRBJ1								CASKGLRAGNTIYF	5	T	F	TRBV1	TRBJ1	IMGT_CDR3	IN
894			T	TRBV1		TRBJ1								CASRGQGFLGGYEQYF	5	T	F	TRBV1	TRBJ1	IMGT_CDR3	IN
895			T	TRBV1		TRBJ1								CASSHGTGGSNNEQFF	5	T	F	TRBV1	TRBJ1	IMGT_CDR3	IN
896			T	TRBV1		TRBJ1								CATSGETNEQFF	5	T	F	TRBV1	TRBJ1	IMGT_CDR3	IN
897			T	TRBV1		TRBJ1								CASSFLTSGVSYEQYF	5	T	F	TRBV1	TRBJ1	IMGT_CDR3	IN
898			T	TRBV1		TRBJ1								CASSCRACRGSNNEKLFF	5	T	F	TRBV1	TRBJ1	IMGT_CDR3	IN
899			T	TRBV1		TRBJ1								CSARDRYEQYF	5	T	F	TRBV1	TRBJ1	IMGT_CDR3	IN
900			T	TRBV1		TRBJ1								CASSALKFPGSGYQPQHF	5	T	F	TRBV1	TRBJ1	IMGT_CDR3	IN
901			T	TRBV1		TRBJ1								CASSHNDRGFPAYEQYF	5	T	F	TRBV1	TRBJ1	IMGT_CDR3	IN
902			T	TRBV1		TRBJ1								CASSYFPGGGKNYGYTF	5	T	F	TRBV1	TRBJ1	IMGT_CDR3	IN
903			T	TRBV1		TRBJ1								CASSTGGSPVYEQYF	5	T	F	TRBV1	TRBJ1	IMGT_CDR3	IN
904			T	TRBV1		TRBJ1								CASDRGGTDTQYF	5	T	F	TRBV1	TRBJ1	IMGT_CDR3	IN
905			T	TRBV1		TRBJ1								CASSGLNDGRTNEQFF	5	T	F	TRBV1	TRBJ1	IMGT_CDR3	IN
906			T	TRBV1		TRBJ1								CASSTTSSCRGKALHF	5	T	F	TRBV1	TRBJ1	IMGT_CDR3	IN
907			T	TRBV1		TRBJ1								CASSPARNEKLFF	5	T	F	TRBV1	TRBJ1	IMGT_CDR3	IN
908			T	TRBV1		TRBJ1								CASSLATPSLAKNIQYF	5	T	F	TRBV1	TRBJ1	IMGT_CDR3	IN
909			T	TRBV1		TRBJ1								CASSPSLWTVSTSTDTQYF	5	T	F	TRBV1	TRBJ1	IMGT_CDR3	IN
910			T	TRBV1		TRBJ1								CSAGPEVDYEQYF	5	T	F	TRBV1	TRBJ1	IMGT_CDR3	IN
911			T	TRBV1		TRBJ1								CASSPLGRTETQYF	5	T	F	TRBV1	TRBJ1	IMGT_CDR3	IN
912			T	TRBV1		TRBJ1								CASPGQGVYDYGYTF	5	T	F	TRBV1	TRBJ1	IMGT_CDR3	IN
913			T	TRBV1		TRBJ1								CASARQGRRVNTEAFF	5	T	F	TRBV1	TRBJ1	IMGT_CDR3	IN
914			T	TRBV1		TRBJ1								CASSVCRSPQSREQFF	5	T	F	TRBV1	TRBJ1	IMGT_CDR3	IN
915			T	TRBV1		TRBJ1								CASSYAGTGLDRPGNTIYF	5	T	F	TRBV1	TRBJ1	IMGT_CDR3	IN
916			T	TRBV1		TRBJ1								CASSLSVTGAGYEQYF	5	T	F	TRBV1	TRBJ1	IMGT_CDR3	IN
917			T	TRBV1		TRBJ1								CSNPLKLGLAGGFTGELFF	5	T	F	TRBV1	TRBJ1	IMGT_CDR3	IN
918			T	TRBV1		TRBJ1								CASSLISTANEQFF	5	T	F	TRBV1	TRBJ1	IMGT_CDR3	IN
919			T	TRBV1		TRBJ1								CASSYIEQGSTVWKGGATEAFF	5	T	F	TRBV1	TRBJ1	IMGT_CDR3	IN
920			T	TRBV1		TRBJ1								CATSVTGYEHGYTF	5	T	F	TRBV1	TRBJ1	IMGT_CDR3	IN
921			T	TRBV1		TRBJ1								CSVDQASPSGELFF	5	T	F	TRBV1	TRBJ1	IMGT_CDR3	IN
922			T	TRBV1		TRBJ1								CASSGGRASGNTIYF	5	T	F	TRBV1	TRBJ1	IMGT_CDR3	IN
923			T	TRBV1		TRBJ1								CASSQQYRPTDTQYF	5	T	F	TRBV1	TRBJ1	IMGT_CDR3	IN
924			T	TRBV1		TRBJ1								CASSLFGRRYTDTQYF	5	T	F	TRBV1	TRBJ1	IMGT_CDR3	IN
925			T	TRBV1		TRBJ1								CASSRLAGQYF	5	T	F	TRBV1	TRBJ1	IMGT_CDR3	IN
926			T	TRBV1		TRBJ1								CASSLGLEGLSDTGELFF	5	T	F	TRBV1	TRBJ1	IMGT_CDR3	IN
927			T	TRBV1		TRBJ1								CASSLVVISSETQYF	5	T	F	TRBV1	TRBJ1	IMGT_CDR3	IN
928			T	TRBV1		TRBJ1								CAIISGDEQYF	5	T	F	TRBV1	TRBJ1	IMGT_CDR3	IN
929			T	TRBV1		TRBJ1								CASGLARPLAGGLSYEQYF	5	T	F	TRBV1	TRBJ1	IMGT_CDR3	IN
930			T	TRBV1		TRBJ1								CASSPPLKKNRTVGELFF	5	T	F	TRBV1	TRBJ1	IMGT_CDR3	IN
931			T	TRBV1		TRBJ1								CASCTNTEAFF	5	T	F	TRBV1	TRBJ1	IMGT_CDR3	IN
932			T	TRBV1		TRBJ1								CAISDPAGVEESASGNTIYF	5	T	F	TRBV1	TRBJ1	IMGT_CDR3	IN
933			T	TRBV1		TRBJ1								CASSPPHPQKGYTF	5	T	F	TRBV1	TRBJ1	IMGT_CDR3	IN
934			T	TRBV1		TRBJ1								CASSLKTLTGGGHYGYTF	5	T	F	TRBV1	TRBJ1	IMGT_CDR3	IN
935			T	TRBV1		TRBJ1								CASSYPGAYSNQPQHF	5	T	F	TRBV1	TRBJ1	IMGT_CDR3	IN
936			T	TRBV1		TRBJ1								CASSFWTLPDTQYF	5	T	F	TRBV1	TRBJ1	IMGT_CDR3	IN
937			T	TRBV1		TRBJ1								CASLDTRRVNEKLFF	5	T	F	TRBV1	TRBJ1	IMGT_CDR3	IN
938			T	TRBV1		TRBJ1								CASRPSGRYEQYF	5	T	F	TRBV1	TRBJ1	IMGT_CDR3	IN
939			T	TRBV1		TRBJ1								CASSPRGPYEQYF	5	T	F	TRBV1	TRBJ1	IMGT_CDR3	IN
940			T	TRBV1		TRBJ1								CASRISGKGETQYF	5	T	F	TRBV1	TRBJ1	IMGT_CDR3	IN
941			T	TRBV1		TRBJ1								CASSYRAIRGIQDNEQFF	5	T	F	TRBV1	TRBJ1	IMGT_CDR3	IN
942			T	TRBV1		TRBJ1								CASRPPPRRQGNTEAFF	5	T	F	TRBV1	TRBJ1	IMGT_CDR3	IN
943			T	TRBV1		TRBJ1								CASVGGPGELFF	5	T	F	TRBV1	TRBJ1	IMGT_CDR3	IN
944			T	TRBV1		TRBJ1								CAIRSPPTGGYTF	5	T	F	TRBV1	TRBJ1	IMGT_CDR3	IN
945			T	TRBV1		TRBJ1								CATDDLVGAWGGRVIYGYTF	5	T	F	TRBV1	TRBJ1	IMGT_CDR3	IN
946			T	TRBV1		TRBJ1								CASSTGGEPGFRAGYTF	5	T	F	TRBV1	TRBJ1	IMGT_CDR3	IN
947			T	TRBV1		TRBJ1								CSARGTSGGGEQYF	5	T	F	TRBV1	TRBJ1	IMGT_CDR3	IN
948			T	TRBV1		TRBJ1								CASRTLVGTDTQYF	5	T	F	TRBV1	TRBJ1	IMGT_CDR3	IN
949			T	TRBV1		TRBJ1								CASSEALGLGLAGCGYEQYF	5	T	F	TRBV1	TRBJ1	IMGT_CDR3	IN
950			T	TRBV1		TRBJ1								CASSYSGFLAFF	5	T	F	TRBV1	TRBJ1	IMGT_CDR3	IN
951			T	TRBV1		TRBJ1								CASSYQGCDAPSYNEQFF	5	T	F	TRBV1	TRBJ1	IMGT_CDR3	IN
952			T	TRBV1		TRBJ1								CASGSSRGYTF	5	T	F	TRBV1	TRBJ1	IMGT_CDR3	IN
953			T	TRBV1		TRBJ1								CASGSPPRVPEGPYYEQYF	5	T	F	TRBV1	TRBJ1	IMGT_CDR3	IN
954			T	TRBV1		TRBJ1								CASSWGPRRVETQYF	5	T	F	TRBV1	TRBJ1	IMGT_CDR3	IN
955			T	TRBV1		TRBJ1								CASSLSGDDGNNEQFF	5	T	F	TRBV1	TRBJ1	IMGT_CDR3	IN
956			T	TRBV1		TRBJ1								CASSVLGGLAGTDTQYF	5	T	F	TRBV1	TRBJ1	IMGT_CDR3	IN
957			T	TRBV1		TRBJ1								CSAYLTGGTGGYTF	5	T	F	TRBV1	TRBJ1	IMGT_CDR3	IN
958			T	TRBV1		TRBJ1								CASSLPHRGGKNTGELFF	5	T	F	TRBV1	TRBJ1	IMGT_CDR3	IN
959			T	TRBV1		TRBJ1								CASSYLQQIARGYTF	5	T	F	TRBV1	TRBJ1	IMGT_CDR3	IN
960			T	TRBV1		TRBJ1								CAITPGGYGYTF	5	T	F	TRBV1	TRBJ1	IMGT_CDR3	IN
961			T	TRBV1		TRBJ1								CASSGTGNTEAFF	5	T	F	TRBV1	TRBJ1	IMGT_CDR3	IN
962			T	TRBV1		TRBJ1								CATSDLRHNLRELGAYEQYF	5	T	F	TRBV1	TRBJ1	IMGT_CDR3	IN
963			T	TRBV1		TRBJ1								CASSDKPAPGGESYGYTF	5	T	F	TRBV1	TRBJ1	IMGT_CDR3	IN
964			T	TRBV1		TRBJ1								CASSQVGHLGGSYEQYF	5	T	F	TRBV1	TRBJ1	IMGT_CDR3	IN
965			T	TRBV1		TRBJ1								CASSLAWTVGEQFF	5	T	F	TRBV1	TRBJ1	IMGT_CDR3	IN
966			T	TRBV1		TRBJ1								CASSSGQGHEQFF	5	T	F	TRBV1	TRBJ1	IMGT_CDR3	IN
967			T	TRBV1		TRBJ1								CASSQAGDRGGGGGNEKLFF	5	T	F	TRBV1	TRBJ1	IMGT_CDR3	IN
968			T	TRBV1		TRBJ1								CASSPDRANEKLFF	5	T	F	TRBV1	TRBJ1	IMGT_CDR3	IN
969			T	TRBV1		TRBJ1								CASSYWDRPAGELFF	5	T	F	TRBV1	TRBJ1	IMGT_CDR3	IN
970			T	TRBV1		TRBJ1								CASSMRALRQRCTEAFF	5	T	F	TRBV1	TRBJ1	IMGT_CDR3	IN
971			T	TRBV1		TRBJ1								CATSSKTGICNQPQHF	5	T	F	TRBV1	TRBJ1	IMGT_CDR3	IN
972			T	TRBV1		TRBJ1								CASTTRGRAYYEQYF	5	T	F	TRBV1	TRBJ1	IMGT_CDR3	IN
973			T	TRBV1		TRBJ1								CASSSGTKNEQYF	5	T	F	TRBV1	TRBJ1	IMGT_CDR3	IN
974			T	TRBV1		TRBJ1								CASRRLAGYQDSYNEQFF	5	T	F	TRBV1	TRBJ1	IMGT_CDR3	IN
975			T	TRBV1		TRBJ1								CAWAFKDEQYF	5	T	F	TRBV1	TRBJ1	IMGT_CDR3	IN
976			T	TRBV1		TRBJ1								CASSRGVGGIDEAFF	5	T	F	TRBV1	TRBJ1	IMGT_CDR3	IN
977			T	TRBV1		TRBJ1								CASSWAPGVKEQETQYF	5	T	F	TRBV1	TRBJ1	IMGT_CDR3	IN
978			T	TRBV1		TRBJ1								CASSYYGTIEQFF	5	T	F	TRBV1	TRBJ1	IMGT_CDR3	IN
979			T	TRBV1		TRBJ1								CASSLTPIRTRKYEQYF	5	T	F	TRBV1	TRBJ1	IMGT_CDR3	IN
980			T	TRBV1		TRBJ1								CATRPEQYSPLHF	5	T	F	TRBV1	TRBJ1	IMGT_CDR3	IN
981			T	TRBV1		TRBJ1								CASSPDRGHIRDSNQPQHF	5	T	F	TRBV1	TRBJ1	IMGT_CDR3	IN
982			T	TRBV1		TRBJ1								CASSFIGGTGQETQYF	5	T	F	TRBV1	TRBJ1	IMGT_CDR3	IN
983			T	TRBV1		TRBJ1								CASSIREGGETQYF	5	T	F	TRBV1	TRBJ1	IMGT_CDR3	IN
984			T	TRBV1		TRBJ1								CSATQIGQGALVETQYF	5	T	F	TRBV1	TRBJ1	IMGT_CDR3	IN
985			T	TRBV1		TRBJ1								CASSWHKKRTRRVYGYTF	5	T	F	TRBV1	TRBJ1	IMGT_CDR3	IN
986			T	TRBV1		TRBJ1								CSSGGTLDYEQYF	5	T	F	TRBV1	TRBJ1	IMGT_CDR3	IN
987			T	TRBV1		TRBJ1								CASSTADAGAPETQYF	5	T	F	TRBV1	TRBJ1	IMGT_CDR3	IN
988			T	TRBV1		TRBJ1								CASSWDPGGRDNQPQHF	5	T	F	TRBV1	TRBJ1	IMGT_CDR3	IN
989			T	TRBV1		TRBJ1								CASSDGAGAYEQYF	5	T	F	TRBV1	TRBJ1	IMGT_CDR3	IN
990			T	TRBV1		TRBJ1								CASSQMGFDTGELFF	5	T	F	TRBV1	TRBJ1	IMGT_CDR3	IN
991			T	TRBV1		TRBJ1								CASSPPRAGGRDLAKNIQYF	5	T	F	TRBV1	TRBJ1	IMGT_CDR3	IN
992			T	TRBV1		TRBJ1								CANTRGEQYF	5	T	F	TRBV1	TRBJ1	IMGT_CDR3	IN
993			T	TRBV1		TRBJ1								CASRTGQGRQESGSNQPQHF	5	T	F	TRBV1	TRBJ1	IMGT_CDR3	IN
994			T	TRBV1		TRBJ1								CATSDSRETGLVAFF	5	T	F	TRBV1	TRBJ1	IMGT_CDR3	IN
995			T	TRBV1		TRBJ1								CASRRDPGQGLNQPQHF	5	T	F	TRBV1	TRBJ1	IMGT_CDR3	IN
996			T	TRBV1		TRBJ1								CAIIEQKDSDYGYTF	5	T	F	TRBV1	TRBJ1	IMGT_CDR3	IN
997			T	TRBV1		TRBJ1								CASRRPPRDSNQPQHF	5	T	F	TRBV1	TRBJ1	IMGT_CDR3	IN
998			T	TRBV1		TRBJ1								CASSLELGEDSPLHF	5	T	F	TRBV1	TRBJ1	IMGT_CDR3	IN
999			T	TRBV1		TRBJ1								CASMDRDVKMNTEAFF	5	T	F	TRBV1	TRBJ1	IMGT_CDR3	IN
1000			T	TRBV1		TRBJ1								CASRVSGDNTEAFF	5	T	F	TRBV1	TRBJ1	IMGT_CDR3	IN
